{"None,sqeuclidean": [0.8908653846153847, 0.07958485649688131], "None,cityblock": [0.9144230769230769, 0.07237772794830315], "max,sqeuclidean": [0.8908653846153847, 0.07958485649688131], "max,cityblock": [0.9144230769230769, 0.07237772794830315], "median,sqeuclidean": [0.8908653846153847, 0.07958485649688131], "median,cityblock": [0.9144230769230769, 0.07237772794830315], "log,sqeuclidean": [0.882051282051282, 0.09248391743197001], "log,cityblock": [0.9123397435897437, 0.07638517189570128], "loglog,sqeuclidean": [0.8794871794871795, 0.08995339486569283], "loglog,cityblock": [0.9112179487179488, 0.07750911910040803]}