{"1,0.5,0.001": [0.8028846153846154, 0.022638735110782453], "1,0.5,0.01": [0.8028846153846154, 0.022638735110782453], "1,0.5,0.1": [0.8291666666666667, 0.02729632904300864], "1,1.0,0.001": [0.8028846153846154, 0.022638735110782453], "1,1.0,0.01": [0.8028846153846154, 0.022638735110782453], "1,1.0,0.1": [0.8358974358974357, 0.02124591463996992], "0.1,0.5,0.001": [0.8028846153846154, 0.022638735110782453], "0.1,0.5,0.01": [0.8028846153846154, 0.022638735110782453], "0.1,0.5,0.1": [0.8142628205128205, 0.022655178410464855], "0.1,1.0,0.001": [0.8028846153846154, 0.022638735110782453], "0.1,1.0,0.01": [0.8028846153846154, 0.022638735110782453], "0.1,1.0,0.1": [0.8243589743589744, 0.021705131991457703], "0.01,0.5,0.001": [0.8028846153846154, 0.022638735110782453], "0.01,0.5,0.01": [0.8028846153846154, 0.022638735110782453], "0.01,0.5,0.1": [0.8038461538461538, 0.024420048267692878], "0.01,1.0,0.001": [0.8028846153846154, 0.022638735110782453], "0.01,1.0,0.01": [0.8028846153846154, 0.022638735110782453], "0.01,1.0,0.1": [0.8065705128205128, 0.023186283784875833], "0.001,0.5,0.001": [0.8028846153846154, 0.022638735110782453], "0.001,0.5,0.01": [0.8028846153846154, 0.022638735110782453], "0.001,0.5,0.1": [0.8028846153846154, 0.022316532289139993], "0.001,1.0,0.001": [0.8028846153846154, 0.022638735110782453], "0.001,1.0,0.01": [0.8028846153846154, 0.022638735110782453], "0.001,1.0,0.1": [0.8032051282051283, 0.02219652524766766]}