{"1,pca": [0.4445512820512821, 0.05202585585882779], "1,pls": [0.3137820512820513, 0.05561336160924463], "2,pca": [0.7028846153846153, 0.03573682016606756], "2,pls": [0.5064102564102564, 0.03784223626447549], "3,pca": [0.7516025641025642, 0.022465639626762866], "3,pls": [0.6051282051282051, 0.04677620807996911], "4,pca": [0.7366987179487179, 0.03367406291419623], "4,pls": [0.6591346153846154, 0.03941037162370764], "5,pca": [0.7791666666666668, 0.032215923288747804], "5,pls": [0.7064102564102565, 0.02644182206236268], "10,pca": [-1.0, 0.0], "10,pls": [-1.0, 0.0], "13,pca": [-1.0, 0.0], "13,pls": [-1.0, 0.0]}