{"0.1,HingeLoss,0.0": [0.8713141025641025, 0.11789002249837766], "0.1,HingeLoss,0.01": [-1.0, 0.0], "0.1,HingeLoss,0.1": [0.2793269230769231, 0.904894160218876], "0.1,HingeLoss,1": [-1.0, 0.0], "0.1,HingeLoss,10.0": [-1.0, 0.0], "0.1,CategoricalCrossEntropy,0.0": [0.6567307692307692, 0.1660578129407309], "0.1,CategoricalCrossEntropy,0.01": [0.6895833333333333, 0.1444041870549033], "0.1,CategoricalCrossEntropy,0.1": [-1.0, 0.0], "0.1,CategoricalCrossEntropy,1": [-1.0, 0.0], "0.1,CategoricalCrossEntropy,10.0": [-1.0, 0.0], "0.1,MeanSquaredError,0.0": [0.8708333333333332, 0.12125004659847143], "0.1,MeanSquaredError,0.01": [-1.0, 0.0], "0.1,MeanSquaredError,0.1": [-1.0, 0.0], "0.1,MeanSquaredError,1": [0.28381410256410255, 0.9081473993374675], "0.1,MeanSquaredError,10.0": [-1.0, 0.0], "1,HingeLoss,0.0": [0.8713141025641025, 0.11789002249837766], "1,HingeLoss,0.01": [-1.0, 0.0], "1,HingeLoss,0.1": [0.8650641025641027, 0.13136138866232802], "1,HingeLoss,1": [0.5690705128205127, 0.7058907044266765], "1,HingeLoss,10.0": [-1.0, 0.0], "1,CategoricalCrossEntropy,0.0": [0.8519230769230769, 0.14096626080871458], "1,CategoricalCrossEntropy,0.01": [0.8532051282051283, 0.13976159905124969], "1,CategoricalCrossEntropy,0.1": [0.8259615384615384, 0.16854738914200884], "1,CategoricalCrossEntropy,1": [0.5399038461538462, 0.6981788418041598], "1,CategoricalCrossEntropy,10.0": [-0.7416666666666667, 0.5776508941874456], "1,MeanSquaredError,0.0": [0.867628205128205, 0.12453273942498673], "1,MeanSquaredError,0.01": [-1.0, 0.0], "1,MeanSquaredError,0.1": [-1.0, 0.0], "1,MeanSquaredError,1": [0.2879807692307692, 0.9110859375907097], "1,MeanSquaredError,10.0": [-1.0, 0.0], "10.0,HingeLoss,0.0": [0.8714743589743589, 0.11761685126508092], "10.0,HingeLoss,0.01": [-1.0, 0.0], "10.0,HingeLoss,0.1": [0.8703525641025641, 0.11909035449134035], "10.0,HingeLoss,1": [0.8644230769230771, 0.13157158639744387], "10.0,HingeLoss,10.0": [0.5690705128205128, 0.7055695188046365], "10.0,CategoricalCrossEntropy,0.0": [0.8695512820512822, 0.12039299484777144], "10.0,CategoricalCrossEntropy,0.01": [-0.10272435897435894, 0.9024143761708672], "10.0,CategoricalCrossEntropy,0.1": [0.8698717948717949, 0.11902337559571459], "10.0,CategoricalCrossEntropy,1": [0.8634615384615385, 0.13227591672695604], "10.0,CategoricalCrossEntropy,10.0": [0.5673076923076922, 0.705571611751539], "10.0,MeanSquaredError,0.0": [0.8692307692307693, 0.12250845279374467], "10.0,MeanSquaredError,0.01": [-1.0, 0.0], "10.0,MeanSquaredError,0.1": [-1.0, 0.0], "10.0,MeanSquaredError,1": [0.8612179487179487, 0.13256644284498742], "10.0,MeanSquaredError,10.0": [0.27916666666666673, 0.904785666008002], "100.0,HingeLoss,0.0": [0.8714743589743589, 0.11761685126508092], "100.0,HingeLoss,0.01": [-1.0, 0.0], "100.0,HingeLoss,0.1": [-0.1174679487179487, 0.8889939048876265], "100.0,HingeLoss,1": [0.8703525641025641, 0.11909035449134035], "100.0,HingeLoss,10.0": [0.8639423076923077, 0.13191984138590393], "100.0,CategoricalCrossEntropy,0.0": [0.8714743589743589, 0.11750674928508435], "100.0,CategoricalCrossEntropy,0.01": [-1.0, 0.0], "100.0,CategoricalCrossEntropy,0.1": [-0.0878205128205128, 0.9158429933104211], "100.0,CategoricalCrossEntropy,1": [0.8703525641025641, 0.11909035449134035], "100.0,CategoricalCrossEntropy,10.0": [0.8639423076923077, 0.13191984138590393], "100.0,MeanSquaredError,0.0": [0.8709935897435898, 0.11966089788059864], "100.0,MeanSquaredError,0.01": [-1.0, 0.0], "100.0,MeanSquaredError,0.1": [-1.0, 0.0], "100.0,MeanSquaredError,1": [-0.046955128205128226, 0.9538077717713632], "100.0,MeanSquaredError,10.0": [0.8639423076923077, 0.13450745444319787]}