{"1,rbf,[0.001],0.1": [0.8248397435897435, 0.15510047233033822], "1,rbf,[0.001],0.01": [0.8248397435897435, 0.15510047233033822], "1,rbf,[0.001],0.001": [0.8248397435897435, 0.15510047233033822], "1,rbf,[0.001],0.0001": [0.8248397435897435, 0.15510047233033822], "1,rbf,[0.01],0.1": [0.8248397435897435, 0.15510047233033822], "1,rbf,[0.01],0.01": [0.8248397435897435, 0.15510047233033822], "1,rbf,[0.01],0.001": [0.8248397435897435, 0.15510047233033822], "1,rbf,[0.01],0.0001": [0.8248397435897435, 0.15510047233033822], "1,rbf,[0.1],0.1": [0.8248397435897435, 0.15513424773673135], "1,rbf,[0.1],0.01": [0.8248397435897435, 0.15513424773673135], "1,rbf,[0.1],0.001": [0.8248397435897435, 0.15513424773673135], "1,rbf,[0.1],0.0001": [0.8248397435897435, 0.15513424773673135], "1,rbf,None,0.1": [0.8246794871794871, 0.15533500995869912], "1,rbf,None,0.01": [0.8248397435897435, 0.15513424773673135], "1,rbf,None,0.001": [0.8248397435897435, 0.15513424773673135], "1,rbf,None,0.0001": [0.8248397435897435, 0.15513424773673135], "15,rbf,[0.001],0.1": [0.8195512820512821, 0.15628640272859162], "15,rbf,[0.001],0.01": [0.8195512820512821, 0.15628640272859162], "15,rbf,[0.001],0.001": [0.8195512820512821, 0.15628640272859162], "15,rbf,[0.001],0.0001": [0.8195512820512821, 0.15628640272859162], "15,rbf,[0.01],0.1": [0.8195512820512821, 0.15628640272859162], "15,rbf,[0.01],0.01": [0.8195512820512821, 0.15628640272859162], "15,rbf,[0.01],0.001": [0.8195512820512821, 0.15628640272859162], "15,rbf,[0.01],0.0001": [0.8195512820512821, 0.15628640272859162], "15,rbf,[0.1],0.1": [0.8195512820512821, 0.15628640272859162], "15,rbf,[0.1],0.01": [0.8195512820512821, 0.15628640272859162], "15,rbf,[0.1],0.001": [0.8195512820512821, 0.15628640272859162], "15,rbf,[0.1],0.0001": [0.8195512820512821, 0.15628640272859162], "15,rbf,None,0.1": [0.8195512820512821, 0.15628640272859162], "15,rbf,None,0.01": [0.8195512820512821, 0.15628640272859162], "15,rbf,None,0.001": [0.8195512820512821, 0.15628640272859162], "15,rbf,None,0.0001": [0.8195512820512821, 0.15628640272859162], "25,rbf,[0.001],0.1": [0.8193910256410257, 0.15638570701100118], "25,rbf,[0.001],0.01": [0.8193910256410257, 0.15638570701100118], "25,rbf,[0.001],0.001": [0.8193910256410257, 0.15638570701100118], "25,rbf,[0.001],0.0001": [0.8193910256410257, 0.15638570701100118], "25,rbf,[0.01],0.1": [0.8193910256410257, 0.15638570701100118], "25,rbf,[0.01],0.01": [0.8193910256410257, 0.15638570701100118], "25,rbf,[0.01],0.001": [0.8193910256410257, 0.15638570701100118], "25,rbf,[0.01],0.0001": [0.8193910256410257, 0.15638570701100118], "25,rbf,[0.1],0.1": [0.8193910256410257, 0.15638570701100118], "25,rbf,[0.1],0.01": [0.8193910256410257, 0.15638570701100118], "25,rbf,[0.1],0.001": [0.8193910256410257, 0.15638570701100118], "25,rbf,[0.1],0.0001": [0.8193910256410257, 0.15638570701100118], "25,rbf,None,0.1": [0.8193910256410257, 0.15638570701100118], "25,rbf,None,0.01": [0.8193910256410257, 0.15638570701100118], "25,rbf,None,0.001": [0.8193910256410257, 0.15638570701100118], "25,rbf,None,0.0001": [0.8193910256410257, 0.15638570701100118]}