{"1,rbf,[0.001],1": [0.8248397435897435, 0.15510047233033822], "1,rbf,[0.001],10.0": [0.819070512820513, 0.15664660382364054], "1,rbf,[0.001],100.0": [0.821955128205128, 0.15640541251957196], "1,rbf,[0.001],1000.0": [0.8153846153846155, 0.15768253565719328], "1,rbf,[0.01],1": [0.8241987179487179, 0.15591103930717518], "1,rbf,[0.01],10.0": [0.8312499999999999, 0.14116806983111377], "1,rbf,[0.01],100.0": [0.8134615384615383, 0.14256841155174096], "1,rbf,[0.01],1000.0": [0.8136217948717949, 0.14213478826744597], "1,rbf,[0.1],1": [0.8238782051282051, 0.15681374304638693], "1,rbf,[0.1],10.0": [0.8264423076923076, 0.16089304634424983], "1,rbf,[0.1],100.0": [0.8208333333333333, 0.15932421181585343], "1,rbf,[0.1],1000.0": [0.8205128205128204, 0.16008644833392657], "1,rbf,None,1": [0.7216346153846153, 0.17668667141864997], "1,rbf,None,10.0": [0.7225961538461537, 0.1761984796074482], "1,rbf,None,100.0": [0.7216346153846153, 0.17715090368811218], "1,rbf,None,1000.0": [0.7222756410256409, 0.17651361539120625], "15,rbf,[0.001],1": [0.8195512820512821, 0.15628640272859162], "15,rbf,[0.001],10.0": [0.8250000000000001, 0.1552102982613929], "15,rbf,[0.001],100.0": [0.8245192307692307, 0.15435188311614154], "15,rbf,[0.001],1000.0": [0.8243589743589744, 0.15452142135678038], "15,rbf,[0.01],1": [0.8200320512820514, 0.1563630426060804], "15,rbf,[0.01],10.0": [0.8235576923076923, 0.15155520822147037], "15,rbf,[0.01],100.0": [0.8118589743589744, 0.15343360819456378], "15,rbf,[0.01],1000.0": [0.8136217948717949, 0.14891063238801508], "15,rbf,[0.1],1": [0.8193910256410258, 0.15745997646918994], "15,rbf,[0.1],10.0": [0.8275641025641026, 0.16068692173877427], "15,rbf,[0.1],100.0": [0.8209935897435896, 0.15929785440637514], "15,rbf,[0.1],1000.0": [0.8208333333333333, 0.15976752351881354], "15,rbf,None,1": [0.8246794871794872, 0.1340747691448172], "15,rbf,None,10.0": [0.8261217948717948, 0.1349496955305944], "15,rbf,None,100.0": [0.8240384615384615, 0.13639844753204441], "15,rbf,None,1000.0": [0.825801282051282, 0.1348366047064763], "25,rbf,[0.001],1": [0.8193910256410257, 0.15638570701100118], "25,rbf,[0.001],10.0": [0.8241987179487179, 0.15483597514641032], "25,rbf,[0.001],100.0": [0.8233974358974359, 0.15565014705244917], "25,rbf,[0.001],1000.0": [0.8237179487179488, 0.15498443751273036], "25,rbf,[0.01],1": [0.819871794871795, 0.1564657452014123], "25,rbf,[0.01],10.0": [0.8168269230769231, 0.15451851275502124], "25,rbf,[0.01],100.0": [0.8113782051282051, 0.15325147150701818], "25,rbf,[0.01],1000.0": [0.814102564102564, 0.15101936940092744], "25,rbf,[0.1],1": [0.8193910256410256, 0.15752846462776682], "25,rbf,[0.1],10.0": [0.8278846153846153, 0.16056732659793732], "25,rbf,[0.1],100.0": [0.821153846153846, 0.15906027971755374], "25,rbf,[0.1],1000.0": [0.8209935897435896, 0.15991188928792768], "25,rbf,None,1": [0.8200320512820513, 0.1422344933306647], "25,rbf,None,10.0": [0.8224358974358975, 0.1422867563717378], "25,rbf,None,100.0": [0.8254807692307692, 0.13651447739872766], "25,rbf,None,1000.0": [0.8233974358974359, 0.14102163455847375]}