{"linear,1.0,0.001,True": [0.8883012820512821, 0.09786839424474432], "linear,1.0,0.01,True": [0.8879807692307692, 0.09820371078343773], "linear,1.0,0.1,True": [0.8879807692307692, 0.09820371078343773], "linear,1.0,1.0,True": [0.8884615384615385, 0.09788190767500715], "linear,0.1,0.001,True": [0.8746794871794871, 0.11501364867695288], "linear,0.1,0.01,True": [0.874198717948718, 0.11535445207594273], "linear,0.1,0.1,True": [0.8753205128205127, 0.11468896422121634], "linear,0.1,1.0,True": [0.8758012820512819, 0.11482424915331527], "linear,0.01,0.001,True": [0.8721153846153845, 0.11644941380844882], "linear,0.01,0.01,True": [0.8724358974358973, 0.11643309247379445], "linear,0.01,0.1,True": [0.8714743589743589, 0.11646088148602643], "linear,0.01,1.0,True": [0.8719551282051282, 0.11710709081126318], "linear,0.001,0.001,True": [0.8703525641025642, 0.11832057550612209], "linear,0.001,0.01,True": [0.8697115384615385, 0.11867601245387656], "linear,0.001,0.1,True": [0.8692307692307693, 0.11952636022633098], "linear,0.001,1.0,True": [0.8700320512820513, 0.11924035407435045], "gaussian,1.0,0.001,True": [0.8895833333333334, 0.08140284263638074], "gaussian,1.0,0.01,True": [0.892147435897436, 0.08190482346502928], "gaussian,1.0,0.1,True": [0.8932692307692308, 0.08194729989787504], "gaussian,1.0,1.0,True": [0.8958333333333334, 0.08524616769011625], "gaussian,0.1,0.001,True": [0.895352564102564, 0.08154091196326009], "gaussian,0.1,0.01,True": [0.896474358974359, 0.08141467280570802], "gaussian,0.1,0.1,True": [0.8956730769230768, 0.08308039151710292], "gaussian,0.1,1.0,True": [0.8807692307692309, 0.08986998882562935], "gaussian,0.01,0.001,True": [0.8942307692307693, 0.08074442537288162], "gaussian,0.01,0.01,True": [0.8951923076923077, 0.0821688860717018], "gaussian,0.01,0.1,True": [0.8908653846153847, 0.08188475313425567], "gaussian,0.01,1.0,True": [0.8567307692307692, 0.09452302924260954], "gaussian,0.001,0.001,True": [0.8897435897435897, 0.08358136166092303], "gaussian,0.001,0.01,True": [0.8892628205128205, 0.08539200827508278], "gaussian,0.001,0.1,True": [0.8870192307692307, 0.085957361654965], "gaussian,0.001,1.0,True": [0.8408653846153845, 0.10553988830144946]}