{"1": [0.15833333333333335, 0.06197925730936636], "2": [0.3990384615384616, 0.1149524492207715], "5": [0.7511217948717949, 0.15063292736006445], "10": [0.8251602564102564, 0.15176214360989487], "13": [0.8237179487179486, 0.157400514377699]}