{"sqeuclidean,0.1,0.1": [0.8246794871794871, 0.12240988446980326], "sqeuclidean,0.1,0.01": [0.820352564102564, 0.12396566223175483], "sqeuclidean,0.1,0.001": [0.8177884615384615, 0.12494667254978156], "sqeuclidean,0.01,0.1": [0.8818910256410257, 0.09520107552645518], "sqeuclidean,0.01,0.01": [0.8828525641025641, 0.0958543680285422], "sqeuclidean,0.01,0.001": [0.8785256410256409, 0.10183938670161305], "sqeuclidean,0.001,0.1": [0.07692307692307693, 0.0], "sqeuclidean,0.001,0.01": [0.8895833333333333, 0.08076430209829949], "sqeuclidean,0.001,0.001": [0.8940705128205128, 0.078461021292497], "cityblock,0.1,0.1": [0.8246794871794871, 0.12240988446980326], "cityblock,0.1,0.01": [0.820352564102564, 0.12396566223175483], "cityblock,0.1,0.001": [0.8177884615384615, 0.12494667254978156], "cityblock,0.01,0.1": [0.8818910256410257, 0.09520107552645518], "cityblock,0.01,0.01": [0.8828525641025641, 0.0958543680285422], "cityblock,0.01,0.001": [0.8785256410256409, 0.10183938670161305], "cityblock,0.001,0.1": [0.07692307692307693, 0.0], "cityblock,0.001,0.01": [0.8895833333333333, 0.08076430209829949], "cityblock,0.001,0.001": [0.8940705128205128, 0.078461021292497]}