{"sqeuclidean,0.1": [0.7447115384615385, 0.17038391900940056], "sqeuclidean,0.01": [0.8732371794871794, 0.13270324261273447], "sqeuclidean,0.001": [0.8967948717948717, 0.12061932691315917], "cityblock,0.1": [0.7987179487179487, 0.15354203381247605], "cityblock,0.01": [0.8931089743589742, 0.11131085401359578], "cityblock,0.001": [0.9113782051282051, 0.09728250514370429]}