{"0.1,0.1": [0.8161858974358974, 0.12670851214357462], "0.1,0.01": [0.8169871794871795, 0.12434327815297351], "0.1,0.001": [0.8169871794871795, 0.12403928973419925], "0.01,0.1": [0.8705128205128204, 0.1090045207128204], "0.01,0.01": [0.874198717948718, 0.10690736237746329], "0.01,0.001": [0.8737179487179486, 0.10570753834076559], "0.001,0.1": [0.8868589743589742, 0.09128315416360536], "0.001,0.01": [-0.025160256410256376, 0.9753508599515449], "0.001,0.001": [-0.04535256410256413, 0.9572298364403043]}