{"1,linear,0.01,None": [0.17548076923076925, 0.04333239691371767], "1,linear,0.1,None": [0.17516025641025643, 0.04347322520809131], "1,linear,1,None": [0.17548076923076925, 0.043495668185321336], "1,linear,10.0,None": [0.17564102564102566, 0.043171780099686335], "1,linear,100.0,None": [0.17580128205128207, 0.04257063058142237], "1,rbf,0.01,[0.001]": [-1.0, 0.0], "1,rbf,0.01,[0.01]": [-1.0, 0.0], "1,rbf,0.01,[0.1]": [-1.0, 0.0], "1,rbf,0.01,None": [0.2791666666666667, 0.0596351979757495], "1,rbf,0.1,[0.001]": [-1.0, 0.0], "1,rbf,0.1,[0.01]": [-1.0, 0.0], "1,rbf,0.1,[0.1]": [-1.0, 0.0], "1,rbf,0.1,None": [0.2841346153846154, 0.056846768628922933], "1,rbf,1,[0.001]": [-1.0, 0.0], "1,rbf,1,[0.01]": [-1.0, 0.0], "1,rbf,1,[0.1]": [-1.0, 0.0], "1,rbf,1,None": [0.24695512820512822, 0.08299626728336479], "1,rbf,10.0,[0.001]": [-1.0, 0.0], "1,rbf,10.0,[0.01]": [-1.0, 0.0], "1,rbf,10.0,[0.1]": [-1.0, 0.0], "1,rbf,10.0,None": [0.23637820512820518, 0.08786977492571826], "1,rbf,100.0,[0.001]": [-1.0, 0.0], "1,rbf,100.0,[0.01]": [-1.0, 0.0], "1,rbf,100.0,[0.1]": [-1.0, 0.0], "1,rbf,100.0,None": [0.04535256410256413, 0.4743346374994026], "2,linear,0.01,None": [0.3647435897435897, 0.11746215485763968], "2,linear,0.1,None": [0.3647435897435897, 0.11746215485763968], "2,linear,1,None": [0.3647435897435897, 0.11746215485763968], "2,linear,10.0,None": [0.3647435897435897, 0.11746215485763968], "2,linear,100.0,None": [0.3647435897435897, 0.11746215485763968], "2,rbf,0.01,[0.001]": [-1.0, 0.0], "2,rbf,0.01,[0.01]": [-1.0, 0.0], "2,rbf,0.01,[0.1]": [-1.0, 0.0], "2,rbf,0.01,None": [0.4483974358974359, 0.08427171369519891], "2,rbf,0.1,[0.001]": [-1.0, 0.0], "2,rbf,0.1,[0.01]": [-1.0, 0.0], "2,rbf,0.1,[0.1]": [-1.0, 0.0], "2,rbf,0.1,None": [0.44759615384615387, 0.08681002618336552], "2,rbf,1,[0.001]": [-1.0, 0.0], "2,rbf,1,[0.01]": [-1.0, 0.0], "2,rbf,1,[0.1]": [-1.0, 0.0], "2,rbf,1,None": [0.4549679487179487, 0.07116990607623927], "2,rbf,10.0,[0.001]": [-1.0, 0.0], "2,rbf,10.0,[0.01]": [-1.0, 0.0], "2,rbf,10.0,[0.1]": [-1.0, 0.0], "2,rbf,10.0,None": [0.48205128205128206, 0.07344640623669839], "2,rbf,100.0,[0.001]": [-1.0, 0.0], "2,rbf,100.0,[0.01]": [-1.0, 0.0], "2,rbf,100.0,[0.1]": [-1.0, 0.0], "2,rbf,100.0,None": [0.2725961538461538, 0.5705901749992897], "5,linear,0.01,None": [0.7238782051282051, 0.14779820658638324], "5,linear,0.1,None": [0.7238782051282051, 0.14779820658638324], "5,linear,1,None": [0.7238782051282051, 0.14779820658638324], "5,linear,10.0,None": [0.7238782051282051, 0.14779820658638324], "5,linear,100.0,None": [0.7238782051282051, 0.14779820658638324], "5,rbf,0.01,[0.001]": [-1.0, 0.0], "5,rbf,0.01,[0.01]": [-1.0, 0.0], "5,rbf,0.01,[0.1]": [-1.0, 0.0], "5,rbf,0.01,None": [0.7511217948717949, 0.1383651470332891], "5,rbf,0.1,[0.001]": [-1.0, 0.0], "5,rbf,0.1,[0.01]": [-1.0, 0.0], "5,rbf,0.1,[0.1]": [-1.0, 0.0], "5,rbf,0.1,None": [0.751602564102564, 0.13807668499848527], "5,rbf,1,[0.001]": [-1.0, 0.0], "5,rbf,1,[0.01]": [-1.0, 0.0], "5,rbf,1,[0.1]": [-1.0, 0.0], "5,rbf,1,None": [0.7528846153846155, 0.13606024053063567], "5,rbf,10.0,[0.001]": [-1.0, 0.0], "5,rbf,10.0,[0.01]": [-1.0, 0.0], "5,rbf,10.0,[0.1]": [-1.0, 0.0], "5,rbf,10.0,None": [0.7511217948717949, 0.13498166362555186], "5,rbf,100.0,[0.001]": [-1.0, 0.0], "5,rbf,100.0,[0.01]": [-1.0, 0.0], "5,rbf,100.0,[0.1]": [-1.0, 0.0], "5,rbf,100.0,None": [0.4509615384615386, 0.6620150992366843], "10,linear,0.01,None": [0.7995192307692306, 0.17039296262183298], "10,linear,0.1,None": [0.7995192307692306, 0.17039296262183298], "10,linear,1,None": [0.7995192307692306, 0.17039296262183298], "10,linear,10.0,None": [0.7995192307692306, 0.17039296262183298], "10,linear,100.0,None": [0.7995192307692306, 0.17039296262183298], "10,rbf,0.01,[0.001]": [-1.0, 0.0], "10,rbf,0.01,[0.01]": [-1.0, 0.0], "10,rbf,0.01,[0.1]": [-1.0, 0.0], "10,rbf,0.01,None": [0.7959935897435898, 0.1497228050479069], "10,rbf,0.1,[0.001]": [-1.0, 0.0], "10,rbf,0.1,[0.01]": [-1.0, 0.0], "10,rbf,0.1,[0.1]": [-1.0, 0.0], "10,rbf,0.1,None": [0.7955128205128207, 0.15015880263642378], "10,rbf,1,[0.001]": [-1.0, 0.0], "10,rbf,1,[0.01]": [-1.0, 0.0], "10,rbf,1,[0.1]": [-1.0, 0.0], "10,rbf,1,None": [0.7977564102564102, 0.14784746068332133], "10,rbf,10.0,[0.001]": [-1.0, 0.0], "10,rbf,10.0,[0.01]": [-1.0, 0.0], "10,rbf,10.0,[0.1]": [-1.0, 0.0], "10,rbf,10.0,None": [0.8048076923076923, 0.151186954030543], "10,rbf,100.0,[0.001]": [-1.0, 0.0], "10,rbf,100.0,[0.01]": [-1.0, 0.0], "10,rbf,100.0,[0.1]": [-1.0, 0.0], "10,rbf,100.0,None": [0.4979166666666666, 0.6869911189693322], "13,linear,0.01,None": [0.8054487179487179, 0.16107291993327646], "13,linear,0.1,None": [0.8054487179487179, 0.16107291993327646], "13,linear,1,None": [0.8054487179487179, 0.16107291993327646], "13,linear,10.0,None": [0.8054487179487179, 0.16107291993327646], "13,linear,100.0,None": [0.8054487179487179, 0.16107291993327646], "13,rbf,0.01,[0.001]": [-1.0, 0.0], "13,rbf,0.01,[0.01]": [-1.0, 0.0], "13,rbf,0.01,[0.1]": [-1.0, 0.0], "13,rbf,0.01,None": [0.803525641025641, 0.1514656236291073], "13,rbf,0.1,[0.001]": [-1.0, 0.0], "13,rbf,0.1,[0.01]": [-1.0, 0.0], "13,rbf,0.1,[0.1]": [-1.0, 0.0], "13,rbf,0.1,None": [0.8032051282051281, 0.1517938701890032], "13,rbf,1,[0.001]": [-1.0, 0.0], "13,rbf,1,[0.01]": [-1.0, 0.0], "13,rbf,1,[0.1]": [-1.0, 0.0], "13,rbf,1,None": [0.8080128205128205, 0.14827000676019406], "13,rbf,10.0,[0.001]": [-1.0, 0.0], "13,rbf,10.0,[0.01]": [-1.0, 0.0], "13,rbf,10.0,[0.1]": [-1.0, 0.0], "13,rbf,10.0,None": [0.8107371794871794, 0.1513300017717114], "13,rbf,100.0,[0.001]": [-1.0, 0.0], "13,rbf,100.0,[0.01]": [-1.0, 0.0], "13,rbf,100.0,[0.1]": [-1.0, 0.0], "13,rbf,100.0,None": [0.5006410256410256, 0.6880217373588119]}