{"1,linear,None,0.1": [0.07692307692307693, 0.0], "1,linear,None,0.01": [0.07692307692307693, 0.0], "1,linear,None,0.001": [0.07692307692307693, 0.0], "1,linear,None,0.0001": [0.07692307692307693, 0.0], "1,linear,None,1e-05": [0.07692307692307693, 0.0], "1,linear,None,1e-06": [0.07692307692307693, 0.0], "1,linear,None,1e-07": [0.07692307692307693, 0.0], "1,linear,None,1e-08": [0.07692307692307693, 0.0], "1,linear,None,1e-09": [0.07692307692307693, 0.0], "1,rbf,[0.001],0.1": [0.8248397435897435, 0.15510047233033822], "1,rbf,[0.001],0.01": [0.8248397435897435, 0.15510047233033822], "1,rbf,[0.001],0.001": [0.8248397435897435, 0.15510047233033822], "1,rbf,[0.001],0.0001": [0.8248397435897435, 0.15510047233033822], "1,rbf,[0.001],1e-05": [0.8248397435897435, 0.15510047233033822], "1,rbf,[0.001],1e-06": [0.8254807692307692, 0.15416708313286673], "1,rbf,[0.001],1e-07": [0.8275641025641026, 0.15167708365292668], "1,rbf,[0.001],1e-08": [0.7881410256410256, 0.20804047463445072], "1,rbf,[0.001],1e-09": [0.8243589743589744, 0.14884568453292915], "1,rbf,[0.01],0.1": [0.8248397435897435, 0.15510047233033822], "1,rbf,[0.01],0.01": [0.8248397435897435, 0.15510047233033822], "1,rbf,[0.01],0.001": [0.8248397435897435, 0.15510047233033822], "1,rbf,[0.01],0.0001": [0.8251602564102564, 0.1546328211507976], "1,rbf,[0.01],1e-05": [0.826923076923077, 0.1528624399334457], "1,rbf,[0.01],1e-06": [0.8182692307692307, 0.15441002435496784], "1,rbf,[0.01],1e-07": [0.8160256410256409, 0.15313302938199014], "1,rbf,[0.01],1e-08": [0.8197115384615384, 0.1550193150623699], "1,rbf,[0.01],1e-09": [0.8221153846153846, 0.15200318400848695], "1,rbf,[0.1],0.1": [0.8250000000000001, 0.15489924033006855], "1,rbf,[0.1],0.01": [0.8250000000000001, 0.15486640867692755], "1,rbf,[0.1],0.001": [0.8259615384615385, 0.1533003137416681], "1,rbf,[0.1],0.0001": [0.8233974358974359, 0.1499996575713821], "1,rbf,[0.1],1e-05": [0.8189102564102564, 0.1496417346558834], "1,rbf,[0.1],1e-06": [0.8219551282051283, 0.14720587198169394], "1,rbf,[0.1],1e-07": [0.8209935897435896, 0.15518787592036912], "1,rbf,[0.1],1e-08": [0.8232371794871796, 0.15098441834889836], "1,rbf,[0.1],1e-09": [0.8182692307692306, 0.15475691952869772], "1,rbf,None,0.1": [0.8250000000000001, 0.15489924033006855], "1,rbf,None,0.01": [0.8262820512820513, 0.1530112226399763], "1,rbf,None,0.001": [0.8229166666666666, 0.15021600229501642], "1,rbf,None,0.0001": [0.8041666666666667, 0.17625524271675252], "1,rbf,None,1e-05": [0.8237179487179488, 0.14975496367499527], "1,rbf,None,1e-06": [0.8197115384615384, 0.1505718778831898], "1,rbf,None,1e-07": [0.8193910256410256, 0.1527670656246929], "1,rbf,None,1e-08": [0.8144230769230769, 0.15217441073337953], "1,rbf,None,1e-09": [0.8213141025641025, 0.15585963729207725], "15,linear,None,0.1": [0.07692307692307693, 0.0], "15,linear,None,0.01": [0.07692307692307693, 0.0], "15,linear,None,0.001": [0.07692307692307693, 0.0], "15,linear,None,0.0001": [0.07692307692307693, 0.0], "15,linear,None,1e-05": [0.07692307692307693, 0.0], "15,linear,None,1e-06": [0.07692307692307693, 0.0], "15,linear,None,1e-07": [0.07692307692307693, 0.0], "15,linear,None,1e-08": [0.07692307692307693, 0.0], "15,linear,None,1e-09": [0.07692307692307693, 0.0], "15,rbf,[0.001],0.1": [0.8195512820512821, 0.15628640272859162], "15,rbf,[0.001],0.01": [0.8195512820512821, 0.15628640272859162], "15,rbf,[0.001],0.001": [0.8195512820512821, 0.15628640272859162], "15,rbf,[0.001],0.0001": [0.8195512820512821, 0.15628640272859162], "15,rbf,[0.001],1e-05": [0.8197115384615384, 0.15605263669394426], "15,rbf,[0.001],1e-06": [0.8200320512820513, 0.1556182164727482], "15,rbf,[0.001],1e-07": [0.8248397435897438, 0.14931985085150903], "15,rbf,[0.001],1e-08": [0.8065705128205128, 0.1754312949810021], "15,rbf,[0.001],1e-09": [0.8184294871794872, 0.14605620121564067], "15,rbf,[0.01],0.1": [0.8195512820512821, 0.15628640272859162], "15,rbf,[0.01],0.01": [0.8195512820512821, 0.15628640272859162], "15,rbf,[0.01],0.001": [0.8195512820512821, 0.15628640272859162], "15,rbf,[0.01],0.0001": [0.8200320512820513, 0.1556182164727482], "15,rbf,[0.01],1e-05": [0.8225961538461538, 0.15201914967804647], "15,rbf,[0.01],1e-06": [0.8251602564102564, 0.14492611940955896], "15,rbf,[0.01],1e-07": [0.819551282051282, 0.14825129870388956], "15,rbf,[0.01],1e-08": [0.8120192307692307, 0.15184673308997668], "15,rbf,[0.01],1e-09": [0.8166666666666668, 0.14757831750018943], "15,rbf,[0.1],0.1": [0.8195512820512821, 0.15628640272859162], "15,rbf,[0.1],0.01": [0.8201923076923077, 0.155772198452262], "15,rbf,[0.1],0.001": [0.8224358974358975, 0.15266843555989257], "15,rbf,[0.1],0.0001": [0.826602564102564, 0.1426555721367727], "15,rbf,[0.1],1e-05": [0.8243589743589744, 0.13867134507924878], "15,rbf,[0.1],1e-06": [0.8198717948717951, 0.14675532722315762], "15,rbf,[0.1],1e-07": [0.8176282051282051, 0.15323965655327415], "15,rbf,[0.1],1e-08": [0.8118589743589744, 0.15525959947178591], "15,rbf,[0.1],1e-09": [0.8181089743589745, 0.15170933587635504], "15,rbf,None,0.1": [0.8195512820512821, 0.15628640272859162], "15,rbf,None,0.01": [0.8203525641025641, 0.15551421102492047], "15,rbf,None,0.001": [0.8221153846153847, 0.14875800742540063], "15,rbf,None,0.0001": [0.8192307692307691, 0.14457117948223158], "15,rbf,None,1e-05": [0.8306089743589743, 0.14169829746079277], "15,rbf,None,1e-06": [0.8131410256410256, 0.15481631870640794], "15,rbf,None,1e-07": [0.8229166666666666, 0.15561425563405737], "15,rbf,None,1e-08": [0.8187500000000001, 0.14963564187890807], "15,rbf,None,1e-09": [0.8184294871794872, 0.15300593544175867], "25,linear,None,0.1": [0.07692307692307693, 0.0], "25,linear,None,0.01": [0.07692307692307693, 0.0], "25,linear,None,0.001": [0.07692307692307693, 0.0], "25,linear,None,0.0001": [0.07692307692307693, 0.0], "25,linear,None,1e-05": [0.07692307692307693, 0.0], "25,linear,None,1e-06": [0.07692307692307693, 0.0], "25,linear,None,1e-07": [0.07692307692307693, 0.0], "25,linear,None,1e-08": [0.07692307692307693, 0.0], "25,linear,None,1e-09": [0.07692307692307693, 0.0], "25,rbf,[0.001],0.1": [0.8193910256410257, 0.15638570701100118], "25,rbf,[0.001],0.01": [0.8193910256410257, 0.15638570701100118], "25,rbf,[0.001],0.001": [0.8193910256410257, 0.15638570701100118], "25,rbf,[0.001],0.0001": [0.8193910256410257, 0.15638570701100118], "25,rbf,[0.001],1e-05": [0.8193910256410257, 0.15638570701100118], "25,rbf,[0.001],1e-06": [0.819551282051282, 0.15654549638742327], "25,rbf,[0.001],1e-07": [0.8211538461538462, 0.15456462842117005], "25,rbf,[0.001],1e-08": [0.8028846153846154, 0.17887458417535268], "25,rbf,[0.001],1e-09": [0.8195512820512821, 0.14139375034428994], "25,rbf,[0.01],0.1": [0.8193910256410257, 0.15638570701100118], "25,rbf,[0.01],0.01": [0.8193910256410257, 0.15638570701100118], "25,rbf,[0.01],0.001": [0.8193910256410257, 0.15638570701100118], "25,rbf,[0.01],0.0001": [0.819551282051282, 0.15654549638742327], "25,rbf,[0.01],1e-05": [0.8211538461538462, 0.15453371998188567], "25,rbf,[0.01],1e-06": [0.8251602564102564, 0.14573089174573536], "25,rbf,[0.01],1e-07": [0.8205128205128206, 0.1449359541387294], "25,rbf,[0.01],1e-08": [0.8184294871794874, 0.14722889942122885], "25,rbf,[0.01],1e-09": [0.8155448717948718, 0.1536932500045974], "25,rbf,[0.1],0.1": [0.8193910256410257, 0.15638570701100118], "25,rbf,[0.1],0.01": [0.819551282051282, 0.15654549638742327], "25,rbf,[0.1],0.001": [0.8224358974358975, 0.1524613826790756], "25,rbf,[0.1],0.0001": [0.8190705128205127, 0.15040565695910224], "25,rbf,[0.1],1e-05": [0.8173076923076924, 0.14511481205756013], "25,rbf,[0.1],1e-06": [0.820673076923077, 0.15129775355819208], "25,rbf,[0.1],1e-07": [0.8144230769230769, 0.1535975555566504], "25,rbf,[0.1],1e-08": [0.8157051282051282, 0.150082844753434], "25,rbf,[0.1],1e-09": [0.8171474358974361, 0.15221128199707354], "25,rbf,None,0.1": [0.819551282051282, 0.15654549638742327], "25,rbf,None,0.01": [0.8201923076923077, 0.15564255691385456], "25,rbf,None,0.001": [0.8209935897435896, 0.14858120163607066],