{"None,sqeuclidean": [0.8043269230769231, 0.06310786744871875], "None,cityblock": [0.8338141025641025, 0.038330773969101485], "max,sqeuclidean": [0.8024038461538461, 0.07148819142912143], "max,cityblock": [0.8298076923076922, 0.0422201892309618], "median,sqeuclidean": [0.8024038461538462, 0.06364278217425515], "median,cityblock": [0.8322115384615385, 0.042521132639045445], "log,sqeuclidean": [0.8022435897435898, 0.04137844098127385], "log,cityblock": [0.8078525641025641, 0.04107100106564068], "loglog,sqeuclidean": [0.7974358974358974, 0.0370978879090303], "loglog,cityblock": [0.8046474358974359, 0.04091688559697512]}