{"2,pca": [0.4073717948717949, 0.11168848590150969], "2,pls": [0.4217948717948718, 0.11922516874081361], "5,pca": [0.5084935897435897, 0.13263703868786775], "5,pls": [0.4738782051282051, 0.10725991587992861], "10,pca": [0.532051282051282, 0.12866743569074535], "10,pls": [0.5060897435897436, 0.1317783306740527], "15,pca": [0.5314102564102564, 0.10902148302368557], "15,pls": [0.5052884615384615, 0.115211876575051], "20,pca": [0.48589743589743595, 0.13229067173366724], "20,pls": [0.4902243589743589, 0.09962704222616989], "25,pca": [0.49983974358974353, 0.08395248907816527], "25,pls": [0.50625, 0.10223517467982632], "30,pca": [0.5081730769230769, 0.10880796591585362], "30,pls": [0.4790064102564103, 0.11800107272409355], "100,pca": [0.50625, 0.12069861309132605], "100,pls": [0.5266025641025641, 0.09896323173799916], "200,pca": [0.5163461538461539, 0.10336724804521892], "200,pls": [0.5152243589743589, 0.07814418732166231]}