{"0.1,HingeLoss,0.0": [0.8067307692307693, 0.060894061984809844], "0.1,HingeLoss,0.1": [0.0794871794871795, 0.013514851693787184], "0.1,HingeLoss,1": [0.0767628205128205, 0.013681993678520184], "0.1,HingeLoss,10.0": [0.7556089743589745, 0.10735469151954075], "0.1,CategoricalCrossEntropy,0.0": [0.8067307692307694, 0.06466182320868012], "0.1,CategoricalCrossEntropy,0.1": [0.08141025641025641, 0.010930380067294833], "0.1,CategoricalCrossEntropy,1": [0.07740384615384616, 0.020954406573137484], "0.1,CategoricalCrossEntropy,10.0": [0.7583333333333332, 0.10308013214165265], "0.1,MeanSquaredError,0.0": [0.8084935897435898, 0.06257987171226868], "0.1,MeanSquaredError,0.1": [0.0767628205128205, 0.010713233918819398], "0.1,MeanSquaredError,1": [0.0783653846153846, 0.013898028715239631], "0.1,MeanSquaredError,10.0": [0.7576923076923078, 0.10529321789982586], "1,HingeLoss,0.0": [0.8059294871794873, 0.06422764239535816], "1,HingeLoss,0.1": [0.08798076923076924, 0.011414262117387095], "1,HingeLoss,1": [0.08125, 0.01254614264490374], "1,HingeLoss,10.0": [0.07227564102564103, 0.0225597542794518], "1,CategoricalCrossEntropy,0.0": [0.806570512820513, 0.06537145575213381], "1,CategoricalCrossEntropy,0.1": [0.0780448717948718, 0.018137316146969524], "1,CategoricalCrossEntropy,1": [0.0764423076923077, 0.013730710873969211], "1,CategoricalCrossEntropy,10.0": [0.08541666666666668, 0.013704500057563023], "1,MeanSquaredError,0.0": [0.8086538461538461, 0.06538225863022587], "1,MeanSquaredError,0.1": [0.07772435897435899, 0.01906512528941569], "1,MeanSquaredError,1": [0.08317307692307692, 0.012083163298810453], "1,MeanSquaredError,10.0": [0.07131410256410255, 0.0120021245790723], "10.0,HingeLoss,0.0": [0.8091346153846154, 0.06435547064985307], "10.0,HingeLoss,0.1": [0.0919871794871795, 0.019616850959101737], "10.0,HingeLoss,1": [0.08653846153846155, 0.019021295031997166], "10.0,HingeLoss,10.0": [0.07259615384615382, 0.00855985279556002], "10.0,CategoricalCrossEntropy,0.0": [0.8073717948717949, 0.06533667800278174], "10.0,CategoricalCrossEntropy,0.1": [0.07275641025641025, 0.02059029839275515], "10.0,CategoricalCrossEntropy,1": [0.06939102564102563, 0.012797455227086493], "10.0,CategoricalCrossEntropy,10.0": [0.07387820512820513, 0.015813499723472773], "10.0,MeanSquaredError,0.0": [0.8084935897435899, 0.06465089994914267], "10.0,MeanSquaredError,0.1": [0.08333333333333333, 0.012371960939499218], "10.0,MeanSquaredError,1": [0.08205128205128204, 0.017951579442231348], "10.0,MeanSquaredError,10.0": [0.07564102564102564, 0.01892926033363257], "100.0,HingeLoss,0.0": [0.8107371794871794, 0.066585911703675], "100.0,HingeLoss,0.1": [0.07916666666666665, 0.02082100226783553], "100.0,HingeLoss,1": [0.07435897435897436, 0.01023133955096947], "100.0,HingeLoss,10.0": [0.09102564102564102, 0.023047969728649743], "100.0,CategoricalCrossEntropy,0.0": [0.8116987179487177, 0.06576392772392665], "100.0,CategoricalCrossEntropy,0.1": [0.0733974358974359, 0.010048984234994162], "100.0,CategoricalCrossEntropy,1": [0.07355769230769232, 0.014768825949313114], "100.0,CategoricalCrossEntropy,10.0": [0.06442307692307693, 0.01922275474022288], "100.0,MeanSquaredError,0.0": [0.8078525641025642, 0.06761244347861749], "100.0,MeanSquaredError,0.1": [0.06858974358974358, 0.009689882344763444], "100.0,MeanSquaredError,1": [0.09038461538461538, 0.01222578918125683], "100.0,MeanSquaredError,10.0": [0.07996794871794873, 0.018196690216781084]}