{"[0.001],0.1": [0.5996794871794872, 0.1181814697665701], "[0.001],0.01": [0.6134615384615384, 0.11187504476435145], "[0.001],0.001": [0.6044871794871796, 0.1279938162389018], "[0.001],0.0001": [0.6060897435897435, 0.11186356613894809], "[0.01],0.1": [0.5915064102564104, 0.13074143825450807], "[0.01],0.01": [0.5977564102564102, 0.11453031317700743], "[0.01],0.001": [0.5892628205128205, 0.13043109642840586], "[0.01],0.0001": [0.5980769230769231, 0.12216332594165975], "[0.1],0.1": [0.5418269230769232, 0.113890905856805], "[0.1],0.01": [0.5338141025641026, 0.116457904409029], "[0.1],0.001": [0.541826923076923, 0.1290704969023186], "[0.1],0.0001": [0.5266025641025641, 0.10922059285087038], "None,0.1": [0.5974358974358974, 0.12194702035112659], "None,0.01": [0.591346153846154, 0.12407199904388407], "None,0.001": [0.595673076923077, 0.11951572390011632], "None,0.0001": [0.5990384615384615, 0.11778224735046884]}