{"[0.001],1": [0.5812499999999999, 0.1333187900414136], "[0.001],10.0": [0.558974358974359, 0.10984241371807864], "[0.001],100.0": [0.5419871794871794, 0.10179549747918544], "[0.001],1000.0": [0.533974358974359, 0.10092744642146227], "[0.01],1": [0.45336538461538467, 0.07757486283701351], "[0.01],10.0": [0.4366987179487179, 0.07598266637906514], "[0.01],100.0": [0.43076923076923074, 0.08248146943883185], "[0.01],1000.0": [0.4150641025641025, 0.08326550494023323], "[0.1],1": [0.4616987179487179, 0.08962517943794236], "[0.1],10.0": [0.45272435897435903, 0.0819593648313812], "[0.1],100.0": [0.4399038461538462, 0.08753125322378869], "[0.1],1000.0": [0.441025641025641, 0.08959809634788578], "None,1": [0.46570512820512816, 0.06265185365654335], "None,10.0": [0.45384615384615395, 0.06752026870792602], "None,100.0": [0.4262820512820513, 0.0805986191544182], "None,1000.0": [0.4283653846153846, 0.07520056597708666]}