{"gaussian,1.0,0.001,True": [0.8056089743589744, 0.06403542156743307], "gaussian,1.0,0.01,True": [0.8110576923076924, 0.06211109277067705], "gaussian,1.0,0.1,True": [0.8123397435897436, 0.05999521437467531], "gaussian,1.0,1.0,True": [0.8081730769230768, 0.05124723377342434], "gaussian,0.1,0.001,True": [0.8086538461538462, 0.06275343095518318], "gaussian,0.1,0.01,True": [0.8134615384615386, 0.06260838727990786], "gaussian,0.1,0.1,True": [0.8209935897435897, 0.05156696693838217], "gaussian,0.1,1.0,True": [0.78125, 0.06083013318701758], "gaussian,0.01,0.001,True": [0.8091346153846154, 0.06135979170810099], "gaussian,0.01,0.01,True": [0.8166666666666668, 0.062133210376494157], "gaussian,0.01,0.1,True": [0.8110576923076924, 0.05885513485178745], "gaussian,0.01,1.0,True": [0.7027243589743589, 0.04906176126551807], "gaussian,0.001,0.001,True": [0.8084935897435898, 0.06536438381060569], "gaussian,0.001,0.01,True": [0.8112179487179487, 0.06621984136099306], "gaussian,0.001,0.1,True": [0.8019230769230768, 0.06145828109849684], "gaussian,0.001,1.0,True": [0.6868589743589744, 0.048516155967626734]}