{"sqeuclidean,0.1": [0.6182692307692308, 0.06785718920079685], "sqeuclidean,0.01": [0.7650641025641026, 0.056911561840608554], "sqeuclidean,0.005": [0.7887820512820514, 0.06237825091102883], "sqeuclidean,0.001": [0.8011217948717949, 0.05953628092088778], "cityblock,0.1": [0.7025641025641026, 0.050975647135867254], "cityblock,0.01": [0.8094551282051281, 0.041759327441143274], "cityblock,0.005": [0.8125, 0.03979267027349465], "cityblock,0.001": [0.8209935897435897, 0.03887762381453925]}