{"0.1,0.1": [0.7008012820512821, 0.053022595833925254], "0.1,0.01": [0.689423076923077, 0.0428972615595642], "0.1,0.001": [0.6950320512820514, 0.05013977217519445], "0.01,0.1": [0.7408653846153846, 0.15533806860264232], "0.01,0.01": [0.8056089743589744, 0.04160776161677904], "0.01,0.001": [0.7466346153846154, 0.1499422041021337], "0.001,0.1": [0.7384615384615385, 0.14154551612853963], "0.001,0.01": [0.626923076923077, 0.27185420554587403], "0.001,0.001": [-0.14983974358974358, 0.39836381673238225]}