{"0.1,0.1": [0.7785256410256411, 0.04700951824948488], "0.1,0.01": [0.7230769230769231, 0.05737358541827008], "0.1,0.001": [0.6953525641025641, 0.048203092990997495], "0.01,0.1": [0.795352564102564, 0.04512548478470419], "0.01,0.01": [0.8004807692307693, 0.041442010231545964], "0.01,0.001": [0.8088141025641026, 0.04190299105202213], "0.001,0.1": [0.08766025641025642, 0.024903763653627002], "0.001,0.01": [0.7891025641025641, 0.05567428552191817], "0.001,0.001": [0.8068910256410257, 0.04205349284760734]}