{"2,0.01,0.001": [0.24455128205128207, 0.01715267712853803], "2,0.01,0.01": [0.18381410256410255, 0.06317294683148869], "2,0.01,0.1": [0.11041666666666668, 0.02743007441800426], "2,0.01,None": [0.2480769230769231, 0.022652344210364914], "2,0.1,0.001": [0.25400641025641024, 0.022952500225485693], "2,0.1,0.01": [0.18044871794871795, 0.06389389112281343], "2,0.1,0.1": [0.11330128205128205, 0.029923352255231427], "2,0.1,None": [0.24775641025641026, 0.016632731724780917], "2,1,0.001": [0.23750000000000002, 0.019318709187076472], "2,1,0.01": [0.1830128205128205, 0.05884444302300519], "2,1,0.1": [0.11506410256410256, 0.03509578796203144], "2,1,None": [0.2423076923076923, 0.01804860028884755], "2,10.0,0.001": [0.24262820512820513, 0.014788810250076058], "2,10.0,0.01": [0.18653846153846154, 0.06420504628486623], "2,10.0,0.1": [0.11346153846153846, 0.03198711525608884], "2,10.0,None": [0.24631410256410258, 0.0069651646833656196], "2,100.0,0.001": [0.2317307692307692, 0.012549212788751225], "2,100.0,0.01": [0.18205128205128204, 0.05942553171706046], "2,100.0,0.1": [0.11298076923076923, 0.03028337360603215], "2,100.0,None": [0.24198717948717952, 0.015520897452311876], "10,0.01,0.001": [0.40721153846153846, 0.06508403288281941], "10,0.01,0.01": [0.23269230769230767, 0.08442760340648386], "10,0.01,0.1": [0.1378205128205128, 0.05010672370734051], "10,0.01,None": [0.41746794871794873, 0.052025115391438], "10,0.1,0.001": [0.4150641025641025, 0.05499760917641447], "10,0.1,0.01": [0.2354166666666667, 0.08266326388181755], "10,0.1,0.1": [0.13557692307692307, 0.05242222096108763], "10,0.1,None": [0.42067307692307687, 0.060147414035745334], "10,1,0.001": [0.4358974358974359, 0.0728333209212885], "10,1,0.01": [0.2621794871794872, 0.07779487285127527], "10,1,0.1": [0.14647435897435898, 0.06034159281789081], "10,1,None": [0.4495192307692308, 0.06464216001252443], "10,10.0,0.001": [0.4572115384615385, 0.059985796108028816], "10,10.0,0.01": [0.25336538461538466, 0.0874079362107542], "10,10.0,0.1": [0.15032051282051284, 0.05139110999695631], "10,10.0,None": [0.4663461538461539, 0.06115162872935169], "10,100.0,0.001": [0.4564102564102564, 0.06859723179828692], "10,100.0,0.01": [0.24262820512820513, 0.0808372475109176], "10,100.0,0.1": [0.1435897435897436, 0.05426141008662681], "10,100.0,None": [0.4604166666666667, 0.07196868983044352], "15,0.01,0.001": [0.42115384615384616, 0.06471899126512057], "15,0.01,0.01": [0.24631410256410258, 0.0844539118289284], "15,0.01,0.1": [0.12980769230769232, 0.041293944376979454], "15,0.01,None": [0.4299679487179488, 0.0606999581504047], "15,0.1,0.001": [0.4354166666666666, 0.05880711549358524], "15,0.1,0.01": [0.24278846153846156, 0.08386862716348686], "15,0.1,0.1": [0.1296474358974359, 0.04064482965696282], "15,0.1,None": [0.4498397435897436, 0.05677534283973422], "15,1,0.001": [0.4745192307692307, 0.06954777404599986], "15,1,0.01": [0.2592948717948718, 0.08424611049457907], "15,1,0.1": [0.1411858974358974, 0.041422174695949374], "15,1,None": [0.46298076923076925, 0.06537224147619004], "15,10.0,0.001": [0.46057692307692316, 0.08887168020469914], "15,10.0,0.01": [0.2655448717948718, 0.07754837332566647], "15,10.0,0.1": [0.15801282051282048, 0.039174744225602215], "15,10.0,None": [0.47371794871794864, 0.07010590631276553], "15,100.0,0.001": [0.4620192307692308, 0.0712809632018966], "15,100.0,0.01": [0.2591346153846154, 0.07706667286236606], "15,100.0,0.1": [0.14054487179487182, 0.04584369839764775], "15,100.0,None": [0.4815705128205128, 0.07533500269789895], "20,0.01,0.001": [0.40657051282051276, 0.07761193296391859], "20,0.01,0.01": [0.24118589743589744, 0.08617161680469412], "20,0.01,0.1": [0.1310897435897436, 0.033056356655246644], "20,0.01,None": [0.4256410256410257, 0.06362562960735461], "20,0.1,0.001": [0.40785256410256415, 0.05239404362172144], "20,0.1,0.01": [0.24423076923076922, 0.07614389018059374], "20,0.1,0.1": [0.12419871794871795, 0.039315114311756515], "20,0.1,None": [0.42772435897435895, 0.06422284388640331], "20,1,0.001": [0.4230769230769231, 0.0762167087087243], "20,1,0.01": [0.24951923076923077, 0.0784930924170988], "20,1,0.1": [0.1326923076923077, 0.04017420767762141], "20,1,None": [0.45544871794871794, 0.058985680351438044], "20,10.0,0.001": [0.4259615384615385, 0.06294711862817665], "20,10.0,0.01": [0.24759615384615385, 0.07709266162438135], "20,10.0,0.1": [0.14631410256410257, 0.03947158002310084], "20,10.0,None": [0.46538461538461534, 0.06589637582705167], "20,100.0,0.001": [0.44759615384615387, 0.06208876046861138], "20,100.0,0.01": [0.2625, 0.07443284902384635], "20,100.0,0.1": [0.14487179487179488, 0.046976727770304094], "20,100.0,None": [0.457051282051282, 0.07253227081104816], "25,0.01,0.001": [0.3958333333333334, 0.07320263029552132], "25,0.01,0.01": [0.255448717948718, 0.08229193974188834], "25,0.01,0.1": [0.1251602564102564, 0.031263146478640064], "25,0.01,None": [0.4197115384615384, 0.06177775490406066], "25,0.1,0.001": [0.3979166666666667, 0.06930733094425656], "25,0.1,0.01": [0.26330128205128206, 0.07032481492344715], "25,0.1,0.1": [0.12676282051282053, 0.03392935153804507], "25,0.1,None": [0.4157051282051281, 0.06726570729607147], "25,1,0.001": [0.42532051282051286, 0.08122328620674137], "25,1,0.01": [0.2501602564102564, 0.0791162054999816], "25,1,0.1": [0.13349358974358974, 0.033041203258276884], "25,1,None": [0.43733974358974353, 0.07480953928464999], "25,10.0,0.001": [0.42852564102564106, 0.09651162071109048], "25,10.0,0.01": [0.2533653846153846, 0.07866957635318587], "25,10.0,0.1": [0.1485576923076923, 0.0313877634010692], "25,10.0,None": [0.4469551282051281, 0.0862484754365063], "25,100.0,0.001": [0.433173076923077, 0.08129929471104175], "25,100.0,0.01": [0.2605769230769231, 0.08461720569135928], "25,100.0,0.1": [0.15112179487179486, 0.03450577672720419], "25,100.0,None": [0.45064102564102565, 0.07739173473223881], "30,0.01,0.001": [0.3985576923076923, 0.060387754083052844], "30,0.01,0.01": [0.2405448717948718, 0.07754837332566646], "30,0.01,0.1": [0.13349358974358974, 0.04059551413133123], "30,0.01,None": [0.40160256410256406, 0.06374660785602045], "30,0.1,0.001": [0.38317307692307695, 0.07874592989075038], "30,0.1,0.01": [0.26506410256410257, 0.08151681397046137], "30,0.1,0.1": [0.13974358974358975, 0.04006923044106764], "30,0.1,None": [0.40881410256410255, 0.06417483906306694], "30,1,0.001": [0.41089743589743594, 0.08626678628253233], "30,1,0.01": [0.25785256410256413, 0.07921741988818469], "30,1,0.1": [0.12419871794871795, 0.03325040535016126], "30,1,None": [0.44262820512820517, 0.08116825023059437], "30,10.0,0.001": [0.401923076923077, 0.08273888074289965], "30,10.0,0.01": [0.26169871794871796, 0.06942284756218474], "30,10.0,0.1": [0.16266025641025642, 0.0356047044452342], "30,10.0,None": [0.43413461538461545, 0.0810068809931883], "30,100.0,0.001": [0.42307692307692313, 0.0888959511905186], "30,100.0,0.01": [0.24519230769230768, 0.06985341442551934], "30,100.0,0.1": [0.14551282051282052, 0.031131019388687377], "30,100.0,None": [0.4592948717948718, 0.08587470996728784], "100,0.01,0.001": [0.3974358974358974, 0.062296677827762735], "100,0.01,0.01": [0.21794871794871795, 0.06834066925552622], "100,0.01,0.1": [0.16089743589743588, 0.03296299451251485], "100,0.01,None": [0.41282051282051285, 0.06935011673854796], "100,0.1,0.001": [0.39615384615384613, 0.06866982504561134], "100,0.1,0.01": [0.2189102564102564, 0.07104692821793544], "100,0.1,0.1": [0.16057692307692306, 0.03137425985516736], "100,0.1,None": [0.41153846153846146, 0.06322313417001786], "100,1,0.001": [0.41939102564102565, 0.07646582178796879], "100,1,0.01": [0.234775641025641, 0.06746642607454119], "100,1,0.1": [0.1560897435897436, 0.030877547061862406], "100,1,None": [0.4240384615384616, 0.07924578212258937], "100,10.0,0.001": [0.42467948717948717, 0.0813351409974695], "100,10.0,0.01": [0.22003205128205128, 0.06910917176200641], "100,10.0,0.1": [0.1580128205128205, 0.03254901982625945],