{"[0.001],0.1": [0.6065705128205128, 0.11949853187652269], "[0.001],0.01": [0.5847756410256411, 0.12787065745433582], "[0.001],0.001": [0.5714743589743588, 0.15102651168614128], "[0.001],0.0001": [0.5455128205128205, 0.1517238090546653], "[0.001],1e-05": [0.5046474358974359, 0.16999428638830183], "[0.001],1e-06": [0.48012820512820514, 0.16199347039624487], "[0.001],1e-07": [0.45048076923076924, 0.13825745064115325], "[0.001],1e-08": [0.3940705128205128, 0.12540174182362754], "[0.001],1e-09": [0.35256410256410264, 0.10130537706081186], "[0.01],0.1": [0.5011217948717949, 0.0964105813977747], "[0.01],0.01": [0.5741987179487179, 0.17365237017952787], "[0.01],0.001": [0.5174679487179488, 0.16236758436947213], "[0.01],0.0001": [0.48782051282051286, 0.1701992489771907], "[0.01],1e-05": [0.475801282051282, 0.1511506824498734], "[0.01],1e-06": [0.4370192307692308, 0.14977768494108742], "[0.01],1e-07": [0.3836538461538461, 0.13900467724453727], "[0.01],1e-08": [0.278525641025641, 0.07602777594615583], "[0.01],1e-09": [0.2139423076923077, 0.04135267539503841], "[0.1],0.1": [0.10673076923076923, 0.02594372608313855], "[0.1],0.01": [0.4698717948717949, 0.10577602930753438], "[0.1],0.001": [0.5823717948717949, 0.1269360262754468], "[0.1],0.0001": [0.5799679487179488, 0.15365915785669315], "[0.1],1e-05": [0.5575320512820513, 0.14675821468741707], "[0.1],1e-06": [0.5772435897435898, 0.11842113793822932], "[0.1],1e-07": [0.4774038461538462, 0.15459528149383406], "[0.1],1e-08": [0.41314102564102556, 0.1174805193189955], "[0.1],1e-09": [0.34439102564102564, 0.09633863120400699], "None,0.1": [0.1469551282051282, 0.057417660008068104], "None,0.01": [0.344551282051282, 0.12706463874524998], "None,0.001": [0.3677884615384615, 0.12897734184372453], "None,0.0001": [0.3565705128205128, 0.10470239456830309], "None,1e-05": [0.34278846153846154, 0.1343962846084967], "None,1e-06": [0.35064102564102556, 0.10485423964406326], "None,1e-07": [0.28205128205128205, 0.09584351631003492], "None,1e-08": [0.255448717948718, 0.061712660762248316], "None,1e-09": [0.18942307692307692, 0.03489029015557251]}