{"None,sqeuclidean": [0.8368589743589743, 0.05069070104972461], "None,cityblock": [0.8653846153846154, 0.04054455508136154], "max,sqeuclidean": [0.8368589743589743, 0.05069070104972461], "max,cityblock": [0.8653846153846154, 0.04054455508136154], "median,sqeuclidean": [0.8368589743589743, 0.05069070104972461], "median,cityblock": [0.8653846153846154, 0.04054455508136154], "log,sqeuclidean": [0.859294871794872, 0.0515467926038556], "log,cityblock": [0.8653846153846154, 0.050325616269052936], "loglog,sqeuclidean": [0.860576923076923, 0.05591548020916659], "loglog,cityblock": [0.8645833333333334, 0.051945082785334745]}