{"2,pca": [0.39839743589743587, 0.07210612476162744], "2,pls": [0.4272435897435898, 0.05128305287483429], "5,pca": [0.4995192307692307, 0.04264416753384728], "5,pls": [0.4919871794871795, 0.06421384571563254], "10,pca": [0.5116987179487179, 0.0798471030792678], "10,pls": [0.4842948717948718, 0.05424720912238149], "15,pca": [0.5269230769230769, 0.09469404693355774], "15,pls": [0.5094551282051282, 0.06643299933559532], "20,pca": [0.5394230769230769, 0.08881791370479152], "20,pls": [0.4995192307692308, 0.07012586862699338], "25,pca": [0.5467948717948717, 0.08732136362708508], "25,pls": [0.508974358974359, 0.06662119381117224], "30,pca": [0.5411858974358975, 0.08269308412475881], "30,pls": [0.4943910256410256, 0.06533608838986385], "100,pca": [0.5480769230769231, 0.07910175892039192], "100,pls": [0.4951923076923077, 0.05818168510160506], "200,pca": [-1.0, 0.0], "200,pls": [-1.0, 0.0], "300,pca": [-1.0, 0.0], "300,pls": [-1.0, 0.0]}