{"0.1,HingeLoss,0.0": [0.7886217948717951, 0.05650055600373417], "0.1,HingeLoss,0.1": [0.13237179487179485, 0.8068449207666832], "0.1,HingeLoss,1": [0.7735576923076923, 0.04995914874567523], "0.1,HingeLoss,10.0": [0.765224358974359, 0.04952441678926564], "0.1,CategoricalCrossEntropy,0.0": [0.7886217948717947, 0.05601849870861759], "0.1,CategoricalCrossEntropy,0.1": [0.1495192307692307, 0.8177242057090912], "0.1,CategoricalCrossEntropy,1": [0.774198717948718, 0.05182628878669306], "0.1,CategoricalCrossEntropy,10.0": [0.765224358974359, 0.04952441678926564], "0.1,MeanSquaredError,0.0": [0.7881410256410257, 0.056634715147997415], "0.1,MeanSquaredError,0.1": [-1.0, 0.0], "0.1,MeanSquaredError,1": [0.16362179487179485, 0.826737907239411], "0.1,MeanSquaredError,10.0": [0.7657051282051283, 0.05007903844968175], "1,HingeLoss,0.0": [0.7886217948717951, 0.05650055600373417], "1,HingeLoss,0.1": [-1.0, 0.0], "1,HingeLoss,1": [0.14871794871794872, 0.817249935113567], "1,HingeLoss,10.0": [0.7746794871794872, 0.05187458165828635], "1,CategoricalCrossEntropy,0.0": [0.7884615384615387, 0.056581180442583], "1,CategoricalCrossEntropy,0.1": [-1.0, 0.0], "1,CategoricalCrossEntropy,1": [0.15016025641025652, 0.8182190274805977], "1,CategoricalCrossEntropy,10.0": [0.7746794871794872, 0.05187458165828635], "1,MeanSquaredError,0.0": [0.7871794871794872, 0.05766470137226416], "1,MeanSquaredError,0.1": [-1.0, 0.0], "1,MeanSquaredError,1": [-1.0, 0.0], "1,MeanSquaredError,10.0": [0.7713141025641027, 0.046298573388006574], "10.0,HingeLoss,0.0": [0.7886217948717951, 0.05650055600373417], "10.0,HingeLoss,0.1": [-1.0, 0.0], "10.0,HingeLoss,1": [-1.0, 0.0], "10.0,HingeLoss,10.0": [0.15016025641025652, 0.8182190274805977], "10.0,CategoricalCrossEntropy,0.0": [0.7886217948717951, 0.05650055600373417], "10.0,CategoricalCrossEntropy,0.1": [-1.0, 0.0], "10.0,CategoricalCrossEntropy,1": [-1.0, 0.0], "10.0,CategoricalCrossEntropy,10.0": [0.15016025641025652, 0.8182190274805977], "10.0,MeanSquaredError,0.0": [0.7886217948717951, 0.05650055600373417], "10.0,MeanSquaredError,0.1": [-1.0, 0.0], "10.0,MeanSquaredError,1": [-1.0, 0.0], "10.0,MeanSquaredError,10.0": [0.1447115384615385, 0.8145989710308604], "100.0,HingeLoss,0.0": [0.7886217948717951, 0.05650055600373417], "100.0,HingeLoss,0.1": [-1.0, 0.0], "100.0,HingeLoss,1": [-1.0, 0.0], "100.0,HingeLoss,10.0": [-1.0, 0.0], "100.0,CategoricalCrossEntropy,0.0": [0.7886217948717951, 0.05650055600373417], "100.0,CategoricalCrossEntropy,0.1": [-1.0, 0.0], "100.0,CategoricalCrossEntropy,1": [-1.0, 0.0], "100.0,CategoricalCrossEntropy,10.0": [-1.0, 0.0], "100.0,MeanSquaredError,0.0": [0.7886217948717951, 0.05650055600373417], "100.0,MeanSquaredError,0.1": [-1.0, 0.0], "100.0,MeanSquaredError,1": [-1.0, 0.0], "100.0,MeanSquaredError,10.0": [-1.0, 0.0]}