{"1,rbf,[0.001],0.1": [0.5530448717948718, 0.12211591038987696], "1,rbf,[0.001],0.01": [0.5530448717948718, 0.12211591038987696], "1,rbf,[0.001],0.001": [0.5530448717948718, 0.12211591038987696], "1,rbf,[0.001],0.0001": [0.5530448717948718, 0.12211591038987696], "1,rbf,[0.01],0.1": [0.5530448717948718, 0.12211591038987696], "1,rbf,[0.01],0.01": [0.5530448717948718, 0.12211591038987696], "1,rbf,[0.01],0.001": [0.5530448717948718, 0.12211591038987696], "1,rbf,[0.01],0.0001": [0.5530448717948718, 0.12211591038987696], "1,rbf,[0.1],0.1": [0.5530448717948718, 0.12211591038987696], "1,rbf,[0.1],0.01": [0.5528846153846153, 0.12223394204463507], "1,rbf,[0.1],0.001": [0.5532051282051281, 0.12229149761084249], "1,rbf,[0.1],0.0001": [0.5530448717948717, 0.12240956976298666], "1,rbf,None,0.1": [0.5530448717948718, 0.12211591038987696], "1,rbf,None,0.01": [0.5530448717948718, 0.12211591038987696], "1,rbf,None,0.001": [0.5530448717948718, 0.12211591038987696], "1,rbf,None,0.0001": [0.5530448717948718, 0.12211591038987696], "15,rbf,[0.001],0.1": [0.5530448717948718, 0.12211591038987696], "15,rbf,[0.001],0.01": [0.5530448717948718, 0.12211591038987696], "15,rbf,[0.001],0.001": [0.5530448717948718, 0.12211591038987696], "15,rbf,[0.001],0.0001": [0.5530448717948718, 0.12211591038987696], "15,rbf,[0.01],0.1": [0.5530448717948718, 0.12211591038987696], "15,rbf,[0.01],0.01": [0.5530448717948718, 0.12211591038987696], "15,rbf,[0.01],0.001": [0.5530448717948718, 0.12211591038987696], "15,rbf,[0.01],0.0001": [0.5530448717948718, 0.12211591038987696], "15,rbf,[0.1],0.1": [0.5530448717948718, 0.12211591038987696], "15,rbf,[0.1],0.01": [0.5530448717948718, 0.12211591038987696], "15,rbf,[0.1],0.001": [0.5530448717948718, 0.12211591038987696], "15,rbf,[0.1],0.0001": [0.5530448717948718, 0.12211591038987696], "15,rbf,None,0.1": [0.5530448717948718, 0.12211591038987696], "15,rbf,None,0.01": [0.5530448717948718, 0.12211591038987696], "15,rbf,None,0.001": [0.5530448717948718, 0.12211591038987696], "15,rbf,None,0.0001": [0.5530448717948718, 0.12211591038987696], "25,rbf,[0.001],0.1": [0.5530448717948718, 0.12211591038987696], "25,rbf,[0.001],0.01": [0.5530448717948718, 0.12211591038987696], "25,rbf,[0.001],0.001": [0.5530448717948718, 0.12211591038987696], "25,rbf,[0.001],0.0001": [0.5530448717948718, 0.12211591038987696], "25,rbf,[0.01],0.1": [0.5530448717948718, 0.12211591038987696], "25,rbf,[0.01],0.01": [0.5530448717948718, 0.12211591038987696], "25,rbf,[0.01],0.001": [0.5530448717948718, 0.12211591038987696], "25,rbf,[0.01],0.0001": [0.5530448717948718, 0.12211591038987696], "25,rbf,[0.1],0.1": [0.5530448717948718, 0.12211591038987696], "25,rbf,[0.1],0.01": [0.5530448717948718, 0.12211591038987696], "25,rbf,[0.1],0.001": [0.5530448717948718, 0.12211591038987696], "25,rbf,[0.1],0.0001": [0.5530448717948718, 0.12211591038987696], "25,rbf,None,0.1": [0.5530448717948718, 0.12211591038987696], "25,rbf,None,0.01": [0.5530448717948718, 0.12211591038987696], "25,rbf,None,0.001": [0.5530448717948718, 0.12211591038987696], "25,rbf,None,0.0001": [0.5530448717948718, 0.12211591038987696]}