{"1,rbf,[0.001],1": [0.5528846153846154, 0.1241589059433487], "1,rbf,[0.001],10.0": [0.5592948717948717, 0.12337162567235137], "1,rbf,[0.001],100.0": [0.5588141025641026, 0.12402034337296625], "1,rbf,[0.001],1000.0": [0.5586538461538462, 0.12381962408949841], "1,rbf,[0.01],1": [0.5528846153846154, 0.12488777013064621], "1,rbf,[0.01],10.0": [0.553525641025641, 0.1251277289555883], "1,rbf,[0.01],100.0": [0.552724358974359, 0.12485866845792537], "1,rbf,[0.01],1000.0": [0.5532051282051282, 0.12500575266184188], "1,rbf,[0.1],1": [0.5543269230769231, 0.12482575379959487], "1,rbf,[0.1],10.0": [0.5543269230769231, 0.12482575379959487], "1,rbf,[0.1],100.0": [0.5543269230769231, 0.12482575379959487], "1,rbf,[0.1],1000.0": [0.5543269230769231, 0.12482575379959487], "1,rbf,None,1": [0.5543269230769231, 0.12482575379959487], "1,rbf,None,10.0": [0.5543269230769231, 0.12482575379959487], "1,rbf,None,100.0": [0.5543269230769231, 0.12482575379959487], "1,rbf,None,1000.0": [0.5543269230769231, 0.12482575379959487], "15,rbf,[0.001],1": [0.5538461538461539, 0.12302057003155031], "15,rbf,[0.001],10.0": [0.558974358974359, 0.12553468812411755], "15,rbf,[0.001],100.0": [0.5583333333333333, 0.12596602393005374], "15,rbf,[0.001],1000.0": [0.5580128205128205, 0.12587546808185374], "15,rbf,[0.01],1": [0.5533653846153846, 0.12196860500353716], "15,rbf,[0.01],10.0": [0.5543269230769231, 0.12281591665427241], "15,rbf,[0.01],100.0": [0.5544871794871795, 0.12282710356493479], "15,rbf,[0.01],1000.0": [0.5538461538461539, 0.12243044356224529], "15,rbf,[0.1],1": [0.5530448717948718, 0.12211591038987696], "15,rbf,[0.1],10.0": [0.5530448717948718, 0.12211591038987696], "15,rbf,[0.1],100.0": [0.5530448717948718, 0.12211591038987696], "15,rbf,[0.1],1000.0": [0.5530448717948718, 0.12211591038987696], "15,rbf,None,1": [0.5530448717948718, 0.12211591038987696], "15,rbf,None,10.0": [0.5530448717948718, 0.12211591038987696], "15,rbf,None,100.0": [0.5530448717948718, 0.12211591038987696], "15,rbf,None,1000.0": [0.5530448717948718, 0.12211591038987696], "25,rbf,[0.001],1": [0.5544871794871794, 0.12260861760005363], "25,rbf,[0.001],10.0": [0.5578525641025641, 0.12548527188437214], "25,rbf,[0.001],100.0": [0.5580128205128205, 0.12568680484664063], "25,rbf,[0.001],1000.0": [0.5596153846153846, 0.12595419825941329], "25,rbf,[0.01],1": [0.552724358974359, 0.12181521844217871], "25,rbf,[0.01],10.0": [0.5543269230769231, 0.1231517075480162], "25,rbf,[0.01],100.0": [0.5543269230769231, 0.12285605934005878], "25,rbf,[0.01],1000.0": [0.5543269230769231, 0.12259992452723145], "25,rbf,[0.1],1": [0.5530448717948718, 0.12211591038987696], "25,rbf,[0.1],10.0": [0.5530448717948718, 0.12211591038987696], "25,rbf,[0.1],100.0": [0.5530448717948718, 0.12211591038987696], "25,rbf,[0.1],1000.0": [0.5530448717948718, 0.12211591038987696], "25,rbf,None,1": [0.5530448717948718, 0.12211591038987696], "25,rbf,None,10.0": [0.5530448717948718, 0.12211591038987696], "25,rbf,None,100.0": [0.5530448717948718, 0.12211591038987696], "25,rbf,None,1000.0": [0.5530448717948718, 0.12211591038987696]}