{"gaussian,1.0,0.001,True": [0.836378205128205, 0.050872008519635074], "gaussian,1.0,0.01,True": [0.8322115384615385, 0.05557478813218167], "gaussian,1.0,0.1,True": [0.8060897435897436, 0.07158279115458273], "gaussian,1.0,1.0,True": [0.7145833333333332, 0.0749967468612903], "gaussian,0.1,0.001,True": [0.8368589743589744, 0.05091212731196091], "gaussian,0.1,0.01,True": [0.8238782051282052, 0.05992582700260453], "gaussian,0.1,0.1,True": [0.7419871794871794, 0.08169053811240329], "gaussian,0.1,1.0,True": [0.6046474358974359, 0.05712168840576045], "gaussian,0.01,0.001,True": [0.836698717948718, 0.0508235209755522], "gaussian,0.01,0.01,True": [0.8224358974358975, 0.0564084352852891], "gaussian,0.01,0.1,True": [0.7108974358974359, 0.06206124761043592], "gaussian,0.01,1.0,True": [0.6352564102564103, 0.05234181422254892], "gaussian,0.001,0.001,True": [0.8365384615384616, 0.05102197673996613], "gaussian,0.001,0.01,True": [0.826602564102564, 0.04296426239939418], "gaussian,0.001,0.1,True": [0.749198717948718, 0.05284502208631468], "gaussian,0.001,1.0,True": [0.7314102564102565, 0.054742050960178326]}