{"0.1,0.1": [0.4956730769230769, 0.06917900040932318], "0.1,0.01": [0.49695512820512816, 0.07001297927242432], "0.1,0.001": [0.49695512820512816, 0.07001297927242432], "0.01,0.1": [0.5988782051282051, 0.05739081657163197], "0.01,0.01": [0.6259615384615386, 0.06724814215481467], "0.01,0.001": [0.6354166666666666, 0.06780134144476346], "0.001,0.1": [0.6855769230769232, 0.06377882996632792], "0.001,0.01": [0.18878205128205128, 0.8423209859232754], "0.001,0.001": [-0.6875, 0.6987712429686843]}