{"0.1,0.1": [0.6240384615384617, 0.06696340517876978], "0.1,0.01": [0.4988782051282051, 0.06876045883030148], "0.1,0.001": [0.49695512820512816, 0.06954038819328176], "0.01,0.1": [0.7272435897435897, 0.06730463973541886], "0.01,0.01": [0.7253205128205128, 0.06678059791380417], "0.01,0.001": [0.6440705128205128, 0.06748469552799541], "0.001,0.1": [0.07692307692307693, 0.0], "0.001,0.01": [0.7706730769230771, 0.13396563660111063], "0.001,0.001": [0.8206730769230769, 0.05999863883235769], "0.005,0.1": [0.7613782051282052, 0.0691782579223055], "0.005,0.01": [0.7623397435897435, 0.06689299138315402], "0.005,0.001": [0.7219551282051282, 0.07385803996444715]}