{"sqeuclidean,0.1": [0.49070512820512824, 0.04026870831259707], "sqeuclidean,0.01": [0.6293269230769231, 0.06962970439915712], "sqeuclidean,0.001": [0.7810897435897436, 0.06280906489097435], "cityblock,0.1": [0.4987179487179487, 0.03150495927482866], "cityblock,0.01": [0.658974358974359, 0.06889087383940155], "cityblock,0.001": [0.7876602564102564, 0.06683998826964974]}