{"2,linear,0.01,None": [0.39487179487179486, 0.01412803643623986], "2,linear,0.1,None": [0.3947115384615385, 0.014052394736498641], "2,linear,1,None": [0.3947115384615385, 0.015047897721551145], "2,linear,10.0,None": [0.39487179487179486, 0.014451538868712168], "2,linear,100.0,None": [0.3950320512820513, 0.014723544065055608], "2,rbf,0.01,[0.001]": [-1.0, 0.0], "2,rbf,0.01,[0.01]": [-1.0, 0.0], "2,rbf,0.01,[0.1]": [-1.0, 0.0], "2,rbf,0.01,None": [0.40625, 0.08238379763893038], "2,rbf,0.1,[0.001]": [-1.0, 0.0], "2,rbf,0.1,[0.01]": [-1.0, 0.0], "2,rbf,0.1,[0.1]": [-1.0, 0.0], "2,rbf,0.1,None": [0.4049679487179487, 0.08327984600031171], "2,rbf,1,[0.001]": [-1.0, 0.0], "2,rbf,1,[0.01]": [-1.0, 0.0], "2,rbf,1,[0.1]": [-1.0, 0.0], "2,rbf,1,None": [0.39839743589743587, 0.0865752533375837], "2,rbf,10.0,[0.001]": [-1.0, 0.0], "2,rbf,10.0,[0.01]": [-1.0, 0.0], "2,rbf,10.0,[0.1]": [-1.0, 0.0], "2,rbf,10.0,None": [0.40368589743589745, 0.09941491911348399], "2,rbf,100.0,[0.001]": [-1.0, 0.0], "2,rbf,100.0,[0.01]": [-1.0, 0.0], "2,rbf,100.0,[0.1]": [-1.0, 0.0], "2,rbf,100.0,None": [0.41714743589743586, 0.10582809647855103], "10,linear,0.01,None": [0.5200320512820513, 0.06031796671647671], "10,linear,0.1,None": [0.5200320512820513, 0.06031796671647671], "10,linear,1,None": [0.5200320512820513, 0.06031796671647671], "10,linear,10.0,None": [0.5200320512820513, 0.06031796671647671], "10,linear,100.0,None": [0.5200320512820513, 0.06031796671647671], "10,rbf,0.01,[0.001]": [-1.0, 0.0], "10,rbf,0.01,[0.01]": [-1.0, 0.0], "10,rbf,0.01,[0.1]": [-1.0, 0.0], "10,rbf,0.01,None": [0.5415064102564103, 0.12741553728006713], "10,rbf,0.1,[0.001]": [-1.0, 0.0], "10,rbf,0.1,[0.01]": [-1.0, 0.0], "10,rbf,0.1,[0.1]": [-1.0, 0.0], "10,rbf,0.1,None": [0.5413461538461538, 0.12752866406338195], "10,rbf,1,[0.001]": [-1.0, 0.0], "10,rbf,1,[0.01]": [-1.0, 0.0], "10,rbf,1,[0.1]": [-1.0, 0.0], "10,rbf,1,None": [0.54375, 0.12761291505856134], "10,rbf,10.0,[0.001]": [-1.0, 0.0], "10,rbf,10.0,[0.01]": [-1.0, 0.0], "10,rbf,10.0,[0.1]": [-1.0, 0.0], "10,rbf,10.0,None": [0.5493589743589743, 0.1333926458312721], "10,rbf,100.0,[0.001]": [-1.0, 0.0], "10,rbf,100.0,[0.01]": [-1.0, 0.0], "10,rbf,100.0,[0.1]": [-1.0, 0.0], "10,rbf,100.0,None": [0.5520833333333334, 0.1423092262853337], "15,linear,0.01,None": [0.5376602564102564, 0.07465695847046332], "15,linear,0.1,None": [0.5378205128205128, 0.0747234931420529], "15,linear,1,None": [0.5378205128205128, 0.0747234931420529], "15,linear,10.0,None": [0.5376602564102564, 0.07465695847046332], "15,linear,100.0,None": [0.5376602564102564, 0.07465695847046332], "15,rbf,0.01,[0.001]": [-1.0, 0.0], "15,rbf,0.01,[0.01]": [-1.0, 0.0], "15,rbf,0.01,[0.1]": [-1.0, 0.0], "15,rbf,0.01,None": [0.5985576923076924, 0.14280464813718702], "15,rbf,0.1,[0.001]": [-1.0, 0.0], "15,rbf,0.1,[0.01]": [-1.0, 0.0], "15,rbf,0.1,[0.1]": [-1.0, 0.0], "15,rbf,0.1,None": [0.5985576923076924, 0.14296964676619195], "15,rbf,1,[0.001]": [-1.0, 0.0], "15,rbf,1,[0.01]": [-1.0, 0.0], "15,rbf,1,[0.1]": [-1.0, 0.0], "15,rbf,1,None": [0.5979166666666667, 0.14626073253606225], "15,rbf,10.0,[0.001]": [-1.0, 0.0], "15,rbf,10.0,[0.01]": [-1.0, 0.0], "15,rbf,10.0,[0.1]": [-1.0, 0.0], "15,rbf,10.0,None": [0.6064102564102565, 0.1481057109323688], "15,rbf,100.0,[0.001]": [-1.0, 0.0], "15,rbf,100.0,[0.01]": [-1.0, 0.0], "15,rbf,100.0,[0.1]": [-1.0, 0.0], "15,rbf,100.0,None": [0.6099358974358974, 0.14462623845430383], "20,linear,0.01,None": [0.5333333333333333, 0.07662334767940482], "20,linear,0.1,None": [0.5333333333333333, 0.07662334767940482], "20,linear,1,None": [0.5333333333333333, 0.07662334767940482], "20,linear,10.0,None": [0.5333333333333333, 0.07662334767940482], "20,linear,100.0,None": [0.5333333333333333, 0.07662334767940482], "20,rbf,0.01,[0.001]": [-1.0, 0.0], "20,rbf,0.01,[0.01]": [-1.0, 0.0], "20,rbf,0.01,[0.1]": [-1.0, 0.0], "20,rbf,0.01,None": [0.608173076923077, 0.13977933043890545], "20,rbf,0.1,[0.001]": [-1.0, 0.0], "20,rbf,0.1,[0.01]": [-1.0, 0.0], "20,rbf,0.1,[0.1]": [-1.0, 0.0], "20,rbf,0.1,None": [0.608173076923077, 0.13951560811003058], "20,rbf,1,[0.001]": [-1.0, 0.0], "20,rbf,1,[0.01]": [-1.0, 0.0], "20,rbf,1,[0.1]": [-1.0, 0.0], "20,rbf,1,None": [0.6107371794871795, 0.13974368163370302], "20,rbf,10.0,[0.001]": [-1.0, 0.0], "20,rbf,10.0,[0.01]": [-1.0, 0.0], "20,rbf,10.0,[0.1]": [-1.0, 0.0], "20,rbf,10.0,None": [0.6179487179487179, 0.14047971255094371], "20,rbf,100.0,[0.001]": [-1.0, 0.0], "20,rbf,100.0,[0.01]": [-1.0, 0.0], "20,rbf,100.0,[0.1]": [-1.0, 0.0], "20,rbf,100.0,None": [0.6203525641025641, 0.13622596130280423], "25,linear,0.01,None": [0.5341346153846154, 0.0814091522739581], "25,linear,0.1,None": [0.5341346153846154, 0.0814091522739581], "25,linear,1,None": [0.5341346153846154, 0.0814091522739581], "25,linear,10.0,None": [0.5341346153846154, 0.0814091522739581], "25,linear,100.0,None": [0.5341346153846154, 0.0814091522739581], "25,rbf,0.01,[0.001]": [-1.0, 0.0], "25,rbf,0.01,[0.01]": [-1.0, 0.0], "25,rbf,0.01,[0.1]": [-1.0, 0.0], "25,rbf,0.01,None": [0.6110576923076922, 0.14091132094272088], "25,rbf,0.1,[0.001]": [-1.0, 0.0], "25,rbf,0.1,[0.01]": [-1.0, 0.0], "25,rbf,0.1,[0.1]": [-1.0, 0.0], "25,rbf,0.1,None": [0.610897435897436, 0.14084231966007976], "25,rbf,1,[0.001]": [-1.0, 0.0], "25,rbf,1,[0.01]": [-1.0, 0.0], "25,rbf,1,[0.1]": [-1.0, 0.0], "25,rbf,1,None": [0.6124999999999999, 0.14178155510797688], "25,rbf,10.0,[0.001]": [-1.0, 0.0], "25,rbf,10.0,[0.01]": [-1.0, 0.0], "25,rbf,10.0,[0.1]": [-1.0, 0.0], "25,rbf,10.0,None": [0.6174679487179487, 0.1421694762203566], "25,rbf,100.0,[0.001]": [-1.0, 0.0], "25,rbf,100.0,[0.01]": [-1.0, 0.0], "25,rbf,100.0,[0.1]": [-1.0, 0.0], "25,rbf,100.0,None": [0.6166666666666666, 0.1403897376421794], "30,linear,0.01,None": [0.5391025641025641, 0.08237615971673991], "30,linear,0.1,None": [0.5391025641025641, 0.08237615971673991], "30,linear,1,None": [0.5391025641025641, 0.08237615971673991], "30,linear,10.0,None": [0.5391025641025641, 0.08237615971673991], "30,linear,100.0,None": [0.5391025641025641, 0.08237615971673991], "30,rbf,0.01,[0.001]": [-1.0, 0.0], "30,rbf,0.01,[0.01]": [-1.0, 0.0], "30,rbf,0.01,[0.1]": [-1.0, 0.0], "30,rbf,0.01,None": [0.6118589743589744, 0.14008317067881257], "30,rbf,0.1,[0.001]": [-1.0, 0.0], "30,rbf,0.1,[0.01]": [-1.0, 0.0], "30,rbf,0.1,[0.1]": [-1.0, 0.0], "30,rbf,0.1,None": [0.6121794871794872, 0.14003146072731437], "30,rbf,1,[0.001]": [-1.0, 0.0], "30,rbf,1,[0.01]": [-1.0, 0.0], "30,rbf,1,[0.1]": [-1.0, 0.0], "30,rbf,1,None": [0.6136217948717949, 0.1406471647738006], "30,rbf,10.0,[0.001]": [-1.0, 0.0], "30,rbf,10.0,[0.01]": [-1.0, 0.0], "30,rbf,10.0,[0.1]": [-1.0, 0.0], "30,rbf,10.0,None": [0.6192307692307691, 0.14161843650522835], "30,rbf,100.0,[0.001]": [-1.0, 0.0], "30,rbf,100.0,[0.01]": [-1.0, 0.0], "30,rbf,100.0,[0.1]": [-1.0, 0.0], "30,rbf,100.0,None": [0.6184294871794872, 0.13991008738685348], "100,linear,0.01,None": [0.5342948717948718, 0.07872032381783968], "100,linear,0.1,None": [0.5342948717948718, 0.07872032381783968], "100,linear,1,None": [0.5342948717948718, 0.07872032381783968], "100,linear,10.0,None": [0.5342948717948718, 0.07872032381783968], "100,linear,100.0,None": [0.5342948717948718, 0.07872032381783968], "100,rbf,0.01,[0.001]": [-1.0, 0.0], "100,rbf,0.01,[0.01]": [-1.0, 0.0], "100,rbf,0.01,[0.1]": [-1.0, 0.0], "100,rbf,0.01,None": [0.6128205128205128, 0.1378208855093351], "100,rbf,0.1,[0.001]": [-1.0, 0.0], "100,rbf,0.1,[0.01]": [-1.0, 0.0], "100,rbf,0.1,[0.1]": [-1.0, 0.0], "100,rbf,0.1,None": [0.6126602564102562, 0.13807194194405503], "100,rbf,1,[0.001]": [-1.0, 0.0], "100,rbf,1,[0.01]": [-1.0, 0.0], "100,rbf,1,[0.1]": [-1.0, 0.0], "100,rbf,1,None": [0.6150641025641025, 0.13882793698712065], "100,rbf,10.0,[0.001]": [-1.0, 0.0], "100,rbf,10.0,[0.01]": [-1.0, 0.0], "100,rbf,10.0,[0.1]": [-1.0, 0.0], "100,rbf,10.0,None": [0.6206730769230769, 0.13971427371279108], "100,rbf,100.0,[0.001]": [-1.0, 0.0], "100,rbf,100.0,[0.01]": [-1.0, 0.0], "100,rbf,100.0,[0.1]": [-1.0, 0.0],