{"1,linear,None,0.1": [0.07692307692307693, 0.0], "1,linear,None,0.01": [0.07692307692307693, 0.0], "1,linear,None,0.001": [0.07692307692307693, 0.0], "1,linear,None,0.0001": [0.07692307692307693, 0.0], "1,linear,None,1e-05": [0.07692307692307693, 0.0], "1,linear,None,1e-06": [0.07692307692307693, 0.0], "1,linear,None,1e-07": [0.07692307692307693, 0.0], "1,linear,None,1e-08": [0.07692307692307693, 0.0], "1,linear,None,1e-09": [0.07692307692307693, 0.0], "1,rbf,[0.001],0.1": [0.5530448717948718, 0.12211591038987696], "1,rbf,[0.001],0.01": [0.5530448717948718, 0.12211591038987696], "1,rbf,[0.001],0.001": [0.5530448717948718, 0.12211591038987696], "1,rbf,[0.001],0.0001": [0.5530448717948718, 0.12211591038987696], "1,rbf,[0.001],1e-05": [0.5530448717948718, 0.12211591038987696], "1,rbf,[0.001],1e-06": [0.5535256410256411, 0.12141768517602482], "1,rbf,[0.001],1e-07": [0.5509615384615384, 0.12425567345834868], "1,rbf,[0.001],1e-08": [0.555448717948718, 0.12303142521753746], "1,rbf,[0.001],1e-09": [0.5503205128205128, 0.12158509261779198], "1,rbf,[0.01],0.1": [0.5530448717948718, 0.12211591038987696], "1,rbf,[0.01],0.01": [0.5530448717948718, 0.12211591038987696], "1,rbf,[0.01],0.001": [0.5532051282051281, 0.12213767546737293], "1,rbf,[0.01],0.0001": [0.5532051282051283, 0.12601127745050217], "1,rbf,[0.01],1e-05": [0.5543269230769231, 0.12156491871639884], "1,rbf,[0.01],1e-06": [0.5495192307692308, 0.12718231829070747], "1,rbf,[0.01],1e-07": [0.5540064102564103, 0.12584455404730951], "1,rbf,[0.01],1e-08": [0.5509615384615384, 0.12395644276979723], "1,rbf,[0.01],1e-09": [0.5556089743589744, 0.1211861686974361], "1,rbf,[0.1],0.1": [0.5538461538461538, 0.12300428545636594], "1,rbf,[0.1],0.01": [0.5532051282051281, 0.12211748769977163], "1,rbf,[0.1],0.001": [0.5532051282051283, 0.12264380253856161], "1,rbf,[0.1],0.0001": [0.5532051282051282, 0.12226377349406174], "1,rbf,[0.1],1e-05": [0.5530448717948718, 0.12313126888428695], "1,rbf,[0.1],1e-06": [0.5464743589743589, 0.13938291493462854], "1,rbf,[0.1],1e-07": [0.5360576923076923, 0.15890786773786275], "1,rbf,[0.1],1e-08": [0.5525641025641025, 0.1201559774152445], "1,rbf,[0.1],1e-09": [0.5455128205128205, 0.13717649169986154], "1,rbf,None,0.1": [0.5530448717948718, 0.12211591038987696], "1,rbf,None,0.01": [0.5530448717948718, 0.12211591038987696], "1,rbf,None,0.001": [0.5528846153846154, 0.12465311829786159], "1,rbf,None,0.0001": [0.5541666666666667, 0.12306273288923415], "1,rbf,None,1e-05": [0.5466346153846154, 0.1287549308720481], "1,rbf,None,1e-06": [0.5488782051282052, 0.1247203685201424], "1,rbf,None,1e-07": [0.5548076923076923, 0.1227346502773289], "1,rbf,None,1e-08": [0.5548076923076923, 0.1259811102430323], "1,rbf,None,1e-09": [0.5530448717948718, 0.1212611661762308], "15,linear,None,0.1": [0.07692307692307693, 0.0], "15,linear,None,0.01": [0.07692307692307693, 0.0], "15,linear,None,0.001": [0.07692307692307693, 0.0], "15,linear,None,0.0001": [0.07692307692307693, 0.0], "15,linear,None,1e-05": [0.07692307692307693, 0.0], "15,linear,None,1e-06": [0.07692307692307693, 0.0], "15,linear,None,1e-07": [0.07692307692307693, 0.0], "15,linear,None,1e-08": [0.07692307692307693, 0.0], "15,linear,None,1e-09": [0.07692307692307693, 0.0], "15,rbf,[0.001],0.1": [0.5530448717948718, 0.12211591038987696], "15,rbf,[0.001],0.01": [0.5530448717948718, 0.12211591038987696], "15,rbf,[0.001],0.001": [0.5530448717948718, 0.12211591038987696], "15,rbf,[0.001],0.0001": [0.5530448717948718, 0.12211591038987696], "15,rbf,[0.001],1e-05": [0.5530448717948718, 0.12211591038987696], "15,rbf,[0.001],1e-06": [0.5535256410256411, 0.1225105491305044], "15,rbf,[0.001],1e-07": [0.5522435897435898, 0.125160974586731], "15,rbf,[0.001],1e-08": [0.5519230769230768, 0.12615711964170676], "15,rbf,[0.001],1e-09": [0.5522435897435898, 0.124921901967023], "15,rbf,[0.01],0.1": [0.5530448717948718, 0.12211591038987696], "15,rbf,[0.01],0.01": [0.5530448717948718, 0.12211591038987696], "15,rbf,[0.01],0.001": [0.5532051282051281, 0.12213767546737293], "15,rbf,[0.01],0.0001": [0.5535256410256411, 0.1252987882015877], "15,rbf,[0.01],1e-05": [0.5520833333333334, 0.12192395740332944], "15,rbf,[0.01],1e-06": [0.5528846153846154, 0.12324707789263395], "15,rbf,[0.01],1e-07": [0.5514423076923077, 0.1220090264670927], "15,rbf,[0.01],1e-08": [0.5544871794871795, 0.12254198987843394], "15,rbf,[0.01],1e-09": [0.5528846153846153, 0.12358294414214381], "15,rbf,[0.1],0.1": [0.5530448717948718, 0.12211591038987696], "15,rbf,[0.1],0.01": [0.5530448717948718, 0.12211591038987696], "15,rbf,[0.1],0.001": [0.5525641025641026, 0.12376070405097346], "15,rbf,[0.1],0.0001": [0.5546474358974359, 0.12074286298930212], "15,rbf,[0.1],1e-05": [0.5540064102564103, 0.1234087782000044], "15,rbf,[0.1],1e-06": [0.5477564102564102, 0.13706186546169424], "15,rbf,[0.1],1e-07": [0.5285256410256409, 0.17585875752141453], "15,rbf,[0.1],1e-08": [0.5552884615384616, 0.12208730496868526], "15,rbf,[0.1],1e-09": [0.5479166666666667, 0.13568646314355617], "15,rbf,None,0.1": [0.5530448717948718, 0.12211591038987696], "15,rbf,None,0.01": [0.5530448717948718, 0.12211591038987696], "15,rbf,None,0.001": [0.5532051282051281, 0.12471449973090348], "15,rbf,None,0.0001": [0.5535256410256411, 0.12673435204979194], "15,rbf,None,1e-05": [0.5533653846153846, 0.12883987499052443], "15,rbf,None,1e-06": [0.5516025641025641, 0.12382294269403225], "15,rbf,None,1e-07": [0.5538461538461538, 0.12101003878678614], "15,rbf,None,1e-08": [0.554326923076923, 0.12563908374349647], "15,rbf,None,1e-09": [0.5506410256410257, 0.123171621554417], "25,linear,None,0.1": [0.07692307692307693, 0.0], "25,linear,None,0.01": [0.07692307692307693, 0.0], "25,linear,None,0.001": [0.07692307692307693, 0.0], "25,linear,None,0.0001": [0.07692307692307693, 0.0], "25,linear,None,1e-05": [0.07692307692307693, 0.0], "25,linear,None,1e-06": [0.07692307692307693, 0.0], "25,linear,None,1e-07": [0.07692307692307693, 0.0], "25,linear,None,1e-08": [0.07692307692307693, 0.0], "25,linear,None,1e-09": [0.07692307692307693, 0.0], "25,rbf,[0.001],0.1": [0.5530448717948718, 0.12211591038987696], "25,rbf,[0.001],0.01": [0.5530448717948718, 0.12211591038987696], "25,rbf,[0.001],0.001": [0.5530448717948718, 0.12211591038987696], "25,rbf,[0.001],0.0001": [0.5530448717948718, 0.12211591038987696], "25,rbf,[0.001],1e-05": [0.5530448717948718, 0.12211591038987696], "25,rbf,[0.001],1e-06": [0.5540064102564103, 0.12265102676778797], "25,rbf,[0.001],1e-07": [0.5517628205128206, 0.12615152127443946], "25,rbf,[0.001],1e-08": [0.5519230769230768, 0.13019765735325706], "25,rbf,[0.001],1e-09": [0.551602564102564, 0.12333664836421204], "25,rbf,[0.01],0.1": [0.5530448717948718, 0.12211591038987696], "25,rbf,[0.01],0.01": [0.5530448717948718, 0.12211591038987696], "25,rbf,[0.01],0.001": [0.5530448717948718, 0.12211591038987696], "25,rbf,[0.01],0.0001": [0.553525641025641, 0.12253318728220462], "25,rbf,[0.01],1e-05": [0.5530448717948717, 0.1266257890089666], "25,rbf,[0.01],1e-06": [0.5541666666666668, 0.12663217764658438], "25,rbf,[0.01],1e-07": [0.5536858974358975, 0.12158731048647572], "25,rbf,[0.01],1e-08": [0.552724358974359, 0.11811332316385818], "25,rbf,[0.01],1e-09": [0.5517628205128206, 0.12080155417647982], "25,rbf,[0.1],0.1": [0.5530448717948718, 0.12211591038987696], "25,rbf,[0.1],0.01": [0.5530448717948718, 0.12211591038987696], "25,rbf,[0.1],0.001": [0.5533653846153846, 0.12293755881686484], "25,rbf,[0.1],0.0001": [0.5548076923076922, 0.1233645477318377], "25,rbf,[0.1],1e-05": [0.552724358974359, 0.12211591038987694], "25,rbf,[0.1],1e-06": [0.5520833333333334, 0.12281173436992113], "25,rbf,[0.1],1e-07": [0.5469551282051281, 0.13439016951056443], "25,rbf,[0.1],1e-08": [0.5573717948717948, 0.12086053560366047], "25,rbf,[0.1],1e-09": [0.5568910256410257, 0.11795666517958737], "25,rbf,None,0.1": [0.5530448717948718, 0.12211591038987696], "25,rbf,None,0.01": [0.5530448717948718, 0.12211591038987696], "25,rbf,None,0.001": [0.5538461538461539, 0.12326583058633107],